,PPI,CAPRI_quality,iRMSD,lRMSD,FNAT,PIsToN_score,PID
0,3CHW-model-1-pos_A_Z,1,0.081,0.184,0.947368,-1.8790696,3CHW
1,1YOX-model-70-neg_A_Z,4,10.933,19.859,0.0,0.8572569,1YOX
2,1JK9-model-1-pos_A_Z,1,0.26899999999999996,0.5429999999999999,0.906977,-1.0944748,1JK9
3,1TZS-model-20-neg_A_Z,4,10.867,36.535,0.0,0.076613545,1TZS
4,2QBX-model-98-neg_A_Z,4,4.798,16.365,0.035088,1.6932765,2QBX
5,2ZNV-model-18-pos_A_Z,3,2.023,5.871,0.363636,-1.7687204,2ZNV
6,2PO2-model-3-pos_A_Z,2,1.402,5.324,0.595238,-1.7803483,2PO2
7,2FTL-model-34-pos_A_Z,2,1.249,5.837000000000001,0.650794,-1.7557126,2FTL
8,1X1X-model-8-pos_A_Z,3,3.2260000000000004,5.72,0.45614,0.9085724,1X1X
9,2ZDC-model-5-neg_A_Z,4,18.868,47.051,0.0,1.8681905,2ZDC
10,1Y1O-model-1-pos_A_Z,1,0.22,0.568,0.932692,-1.6674398,1Y1O
11,1PPE-model-9-pos_A_Z,3,1.8519999999999999,5.0680000000000005,0.408451,1.4413666,1PPE
12,2HVY-model-38-neg_A_Z,4,23.955,56.641000000000005,0.0,1.9000779,2HVY
13,1KL8-model-24-pos_A_Z,2,1.7080000000000002,4.669,0.705882,1.010772,1KL8
14,1Y3B-model-57-pos_A_Z,3,2.127,7.507999999999999,0.42253500000000005,-0.029131413,1Y3B
15,4APF-model-51-neg_A_Z,4,15.94,56.989,0.0,1.8793274,4APF
16,3GMW-model-1-pos_A_Z,1,0.366,0.812,0.893617,-1.121891,3GMW
17,2R5O-model-12-neg_A_Z,4,9.173,26.294,0.014085,1.7649673,2R5O
18,4TQ0-model-4-pos_A_Z,2,1.8359999999999999,4.939,0.534247,-1.1465772,4TQ0
19,2HTB-model-25-neg_A_Z,4,24.372,76.18,0.0,1.95077,2HTB
20,3OKJ-model-6-neg_A_Z,4,18.021,34.661,0.0,1.9357808,3OKJ
21,1VZY-model-55-neg_A_Z,4,21.265,53.175,0.0,1.8158249,1VZY
22,1PGL-model-36-neg_A_Z,4,16.207,38.975,0.0,1.2534504,1PGL
23,2BE1-model-1-pos_A_Z,1,0.324,1.208,0.9148940000000001,-1.8513877,2BE1
24,3L2H-model-56-neg_A_Z,4,16.430999999999997,52.894,0.0,1.749092,3L2H
25,3HN6-model-40-neg_A_Z,4,20.596999999999998,49.286,0.0,1.9211085,3HN6
26,4RS1-model-50-pos_A_Z,3,2.9619999999999997,5.375,0.391892,1.7559872,4RS1
27,3QHY-model-2-pos_A_Z,2,1.271,3.102,0.647887,-1.4888353,3QHY
28,1JXQ-model-2-pos_A_Z,3,2.291,5.412999999999999,0.449664,-1.864543,1JXQ
29,3FSN-model-93-pos_A_Z,3,3.57,11.862,0.27118600000000004,1.7921464,3FSN
30,2GQS-model-1-pos_A_Z,1,0.175,0.551,0.939759,-1.7530391,2GQS
31,2HWJ-model-4-pos_A_Z,1,0.263,0.5870000000000001,0.8888889999999999,-0.6540562,2HWJ
32,5B76-model-59-neg_A_Z,4,16.172,38.078,0.0,1.9196932,5B76
33,1K88-model-4-pos_A_Z,3,3.512,8.492,0.174757,0.7792282,1K88
34,3QWN-model-1-pos_A_Z,1,0.095,0.35200000000000004,0.9454549999999999,0.037528515,3QWN
35,2GKW-model-58-neg_A_Z,4,8.249,24.061999999999998,0.0,1.8895322,2GKW
36,2X9A-model-45-pos_A_Z,3,2.32,6.904,0.465517,0.28469098,2X9A
37,3E1Z-model-100-neg_A_Z,4,15.829,34.463,0.0,1.8526719,3E1Z
38,3U02-model-70-neg_A_Z,4,15.761,53.504,0.0,1.952022,3U02
39,1R9N-model-67-pos_A_Z,3,3.159,14.94,0.1,0.306185,1R9N
40,2E4M-model-1-pos_A_Z,1,0.20800000000000002,0.574,0.9615379999999999,-0.3442452,2E4M
41,2EVV-model-30-neg_A_Z,4,15.797,38.943000000000005,0.010638,1.947828,2EVV
42,1T7P-model-3-pos_A_Z,2,1.739,6.234,0.5217390000000001,0.4186424,1T7P
43,3MZW-model-53-neg_A_Z,4,22.272,52.559,0.0,1.9353104,3MZW
44,3QC8-model-9-neg_A_Z,4,12.168,37.639,0.0,0.4669813,3QC8
45,2P48-model-4-pos_A_Z,1,0.308,1.088,0.8695649999999999,-0.39851773,2P48
46,2NN3-model-94-neg_A_Z,4,17.238,25.893,0.0,1.9016308,2NN3
47,3QQ8-model-65-neg_A_Z,4,20.345,55.077,0.0,1.4717424,3QQ8
48,2PQV-model-40-neg_A_Z,4,16.598,50.593999999999994,0.0,1.7909398,2PQV
49,1YUK-model-16-neg_A_Z,4,24.828000000000003,50.907,0.033557,1.6997851,1YUK
50,3H35-model-28-neg_A_Z,4,18.034000000000002,42.61,0.0,1.5090976,3H35
51,2Z0P-model-1-pos_A_Z,1,0.226,0.805,0.924242,-1.521034,2Z0P
52,3BCP-model-1-pos_A_Z,1,0.095,0.233,0.983333,-1.6884754,3BCP
53,1Q1L-model-15-neg_A_Z,4,25.589000000000002,61.015,0.0,0.7926381,1Q1L
54,1Y43-model-18-neg_A_Z,4,9.826,24.538,0.0,1.92632,1Y43
55,4WEN-model-51-neg_A_Z,4,13.802999999999999,32.611,0.0,1.6284356,4WEN
56,3NGB-model-43-neg_A_Z,4,18.451,53.418,0.0,1.6320484,3NGB
57,1Y1O-model-54-neg_A_Z,4,21.055,30.848000000000003,0.0,1.9323413,1Y1O
58,2EJG-model-14-neg_A_Z,4,6.211,15.059000000000001,0.109589,1.6422924,2EJG
59,2ETE-model-8-pos_A_Z,3,2.6919999999999997,6.257999999999999,0.256579,-1.8285697,2ETE
60,2G2U-model-95-pos_A_Z,3,4.978,9.494,0.16092,1.8337469,2G2U
61,1YUK-model-1-pos_A_Z,1,0.184,0.46,0.9328860000000001,-1.9025933,1YUK
62,4ILW-model-1-pos_A_Z,1,0.146,0.47100000000000003,0.965517,-1.6123273,4ILW
63,3FFU-model-59-neg_A_Z,4,6.2860000000000005,18.971,0.166667,0.691931,3FFU
64,3K9M-model-88-neg_A_Z,4,14.152999999999999,33.589,0.0,1.0684245,3K9M
65,2G2W-model-1-pos_A_Z,1,0.128,0.447,0.9764709999999999,-1.5939647,2G2W
66,1YLQ-model-16-neg_A_Z,4,16.179000000000002,38.186,0.0,1.952975,1YLQ
67,4UDM-model-21-neg_A_Z,4,15.129000000000001,41.121,0.0,-0.054077744,4UDM
68,1P69-model-97-neg_A_Z,4,18.327,45.472,0.0,1.3058661,1P69
69,3PYY-model-1-pos_A_Z,1,0.196,0.588,0.918919,-0.74288446,3PYY
70,3GBU-model-40-pos_A_Z,3,2.128,10.128,0.353659,-1.092541,3GBU
71,1I4E-model-36-neg_A_Z,4,16.340999999999998,64.028,0.0,1.9462945,1I4E
72,2VIF-model-52-neg_A_Z,4,5.2589999999999995,17.402,0.23913,0.51342297,2VIF
73,1DEV-model-1-pos_A_Z,1,0.214,0.475,0.9393940000000001,-1.8300542,1DEV
74,2X9M-model-1-pos_A_Z,1,0.519,1.775,0.901961,0.96118546,2X9M
75,1DJS-model-75-neg_A_Z,4,15.214,24.545,0.0,1.9556382,1DJS
76,2X36-model-71-neg_A_Z,4,15.519,24.156999999999996,0.0,1.4215778,2X36
77,3T3A-model-30-neg_A_Z,4,10.819,36.445,0.0,1.9191382,3T3A
78,1G9I-model-27-neg_A_Z,4,8.046,23.795,0.0,1.2843244,1G9I
79,3OLM-model-1-pos_A_Z,1,0.306,0.631,0.938776,-0.9480885,3OLM
80,2PTC-model-3-pos_A_Z,2,1.54,6.303,0.529412,0.066823244,2PTC
81,3AOG-model-18-neg_A_Z,4,8.113,32.62,0.0,1.6416626,3AOG
82,3TSR-model-16-pos_A_Z,3,2.15,5.895,0.45783100000000004,1.247998,3TSR
83,1J3R-model-1-pos_A_Z,1,0.226,0.47600000000000003,0.953642,-1.9065261,1J3R
84,1Q9U-model-14-neg_A_Z,4,18.492,27.508000000000003,0.016666999999999998,1.2362623,1Q9U
85,1ZVN-model-2-pos_A_Z,3,2.641,6.8,0.28571399999999997,-0.7671617,1ZVN
86,1UDI-model-88-neg_A_Z,4,17.371,40.260999999999996,0.0,1.4663692,1UDI
87,2P6B-model-1-pos_A_Z,1,0.231,0.654,0.96,-0.21047688,2P6B
88,1SMF-model-17-neg_A_Z,4,8.782,30.659000000000002,0.0,1.4194664,1SMF
89,2IQH-model-1-pos_A_Z,1,0.231,0.8220000000000001,0.937107,-1.9220953,2IQH
90,2IY1-model-1-pos_A_Z,1,0.128,0.29,0.951807,-1.8749002,2IY1
91,1N0L-model-71-pos_A_Z,3,3.911,10.735,0.198276,1.6719325,1N0L
92,1X1W-model-19-pos_A_Z,2,2.7710000000000004,5.124,0.5,0.020290256,1X1W
93,2IWP-model-1-pos_A_Z,1,0.20199999999999999,0.434,0.913043,-1.8034973,2IWP
94,1MR1-model-1-pos_A_Z,1,0.161,0.5870000000000001,0.966667,-1.5484431,1MR1
95,4BQD-model-1-pos_A_Z,1,0.162,0.381,0.931034,-1.5977929,4BQD
96,3E2U-model-3-pos_A_Z,2,1.807,5.646,0.564103,0.18817616,3E2U
97,1OMO-model-33-neg_A_Z,4,12.648,31.998,0.007143000000000001,0.756527,1OMO
98,1AK4-model-75-neg_A_Z,4,11.561,57.327,0.0,1.9408851,1AK4
99,1X1W-model-30-neg_A_Z,4,15.366,33.625,0.0,1.6385466,1X1W
100,2ZA4-model-47-neg_A_Z,4,10.267999999999999,16.987000000000002,0.0,1.9395512,2ZA4
101,3C4P-model-94-neg_A_Z,4,17.926,49.691,0.0,1.9493678,3C4P
102,3FHC-model-57-neg_A_Z,4,26.158,85.829,0.0,0.3637601,3FHC
103,3I84-model-4-pos_A_Z,3,3.508,5.952000000000001,0.37795300000000004,-0.2648517,3I84
104,3JUY-pos_C_B,1,0.0,0.0,1.0,1.0227545,3JUY
105,5JMC-model-17-pos_A_Z,1,0.358,0.882,0.826923,0.033798218,5JMC
106,3C4P-model-1-pos_A_Z,1,0.086,0.344,0.9634149999999999,-1.6351829,3C4P
107,1DB2-model-2-pos_A_Z,1,0.45299999999999996,1.355,0.9384620000000001,-0.4185331,1DB2
108,4KFZ-model-1-pos_A_Z,1,0.14300000000000002,0.462,0.9693879999999999,-1.9155549,4KFZ
109,3B93-model-1-pos_A_Z,1,0.253,0.7390000000000001,0.8913040000000001,-1.5430596,3B93
110,4DG4-model-3-pos_A_Z,2,1.3130000000000002,6.274,0.683333,-1.1372736,4DG4
111,1NR9-model-73-neg_A_Z,4,18.592,64.29,0.0,1.9353107,1NR9
112,3BGL-model-5-pos_A_Z,2,1.431,8.562000000000001,0.579545,-1.6087765,3BGL
113,3QDZ-model-2-pos_A_Z,3,3.803,13.600999999999999,0.209302,0.25553703,3QDZ
114,4GH7-model-27-pos_A_Z,3,3.3480000000000003,13.492,0.369231,-1.2140813,4GH7
115,2DSP-model-1-pos_A_Z,1,0.18,0.484,0.949153,-1.6855265,2DSP
116,2HVY-model-1-pos_A_Z,1,0.14300000000000002,0.297,0.945652,-1.9094332,2HVY
117,2IA9-model-3-pos_A_Z,2,1.5130000000000001,5.034,0.6153850000000001,-1.1893954,2IA9
118,3TG9-model-14-neg_A_Z,4,21.973000000000003,87.444,0.0,1.8464042,3TG9
119,3WDG-model-1-pos_A_Z,1,0.195,0.5379999999999999,0.92,-1.8199084,3WDG
120,4ZQK-model-3-neg_A_Z,4,14.085999999999999,28.523000000000003,0.0,1.184027,4ZQK
121,4KV5-model-2-neg_A_Z,4,5.995,14.251,0.14444400000000002,1.2253163,4KV5
122,4W6X-model-92-neg_A_Z,4,13.075,22.660999999999998,0.0,1.7254963,4W6X
123,3PPE-model-3-pos_A_Z,3,2.57,7.446000000000001,0.294118,-0.3242643,3PPE
124,2W81-model-2-neg_A_Z,4,21.54,47.73,0.0,1.9542923,2W81
125,4JW3-model-89-neg_A_Z,4,9.25,23.892,0.018182,1.8801138,4JW3
126,4ZQU-model-2-pos_A_Z,2,1.2670000000000001,3.928,0.6,-1.4319441,4ZQU
127,2QF3-model-2-pos_A_Z,1,0.223,0.591,0.910256,-1.3890555,2QF3
128,2W80-model-26-neg_A_Z,4,19.414,48.382,0.0,1.7473578,2W80
129,2B3Z-model-1-pos_A_Z,1,0.21899999999999997,0.7140000000000001,0.9277110000000001,-1.8965768,2B3Z
130,3AHS-model-34-pos_A_Z,3,1.932,6.04,0.254902,-0.71155876,3AHS
131,3PRP-model-79-neg_A_Z,4,10.837,19.631,0.0,1.8759855,3PRP
132,3NPG-model-1-pos_A_Z,1,0.22,0.53,0.943182,-1.9253777,3NPG
133,2EJG-model-22-pos_A_Z,3,1.8430000000000002,5.954,0.493151,0.706964,2EJG
134,1EJA-model-65-neg_A_Z,4,15.527999999999999,40.806999999999995,0.0,1.8833612,1EJA
135,1L2W-model-66-neg_A_Z,4,7.645,20.779,0.05494500000000001,1.9417256,1L2W
136,1JKG-model-41-pos_A_Z,3,4.8660000000000005,9.624,0.137931,1.6279376,1JKG
137,2OS5-model-3-pos_A_Z,1,0.188,0.664,0.981132,-0.26802766,2OS5
138,2P44-model-1-pos_A_Z,1,0.214,0.494,0.8695649999999999,-1.1203767,2P44
139,1EM8-model-17-pos_A_Z,2,1.959,6.263999999999999,0.595238,-1.141018,1EM8
140,3DJP-model-1-pos_A_Z,1,0.128,0.266,0.9319729999999999,-1.8813576,3DJP
141,1Y96-model-8-pos_A_Z,3,2.525,6.818,0.270833,-1.4621913,1Y96
142,1YOX-model-71-pos_A_Z,3,2.147,5.439,0.278481,-0.048403144,1YOX
143,3AJY-model-1-pos_A_Z,1,0.196,0.5,0.94,-1.8678925,3AJY
144,2RL7-model-74-pos_A_Z,3,4.132,8.305,0.280702,1.191694,2RL7
145,1Y96-model-94-neg_A_Z,4,14.515999999999998,37.668,0.010417000000000001,1.9439999,1Y96
146,3B76-model-1-pos_A_Z,1,0.145,0.384,0.972727,-1.8644607,3B76
147,1E5Q-model-96-neg_A_Z,4,18.099,37.275999999999996,0.015625,1.9226519,1E5Q
148,1UUG-model-87-neg_A_Z,4,12.282,31.535,0.0,0.40595174,1UUG
149,1X1Y-model-1-pos_A_Z,1,0.221,0.7440000000000001,0.960784,-1.8520342,1X1Y
150,3HF5-model-27-neg_A_Z,4,10.745,21.253,0.0,1.9341811,3HF5
151,2HD3-model-77-pos_A_Z,3,2.784,6.3839999999999995,0.311475,-1.2763546,2HD3
152,3RDZ-model-75-neg_A_Z,4,13.252,38.858000000000004,0.0,1.766611,3RDZ
153,3P83-model-1-pos_A_Z,1,0.326,1.571,0.87234,0.0028098822,3P83
154,3HHJ-model-26-pos_A_Z,3,3.9210000000000003,7.122999999999999,0.173913,0.6308398,3HHJ
155,4NSO-model-78-pos_A_Z,3,3.8739999999999997,13.925999999999998,0.166667,1.3793463,4NSO
156,1DML-model-40-neg_A_Z,4,15.913,38.861,0.0,1.941113,1DML
157,1L0A-model-7-neg_A_Z,4,8.982000000000001,26.34,0.0,1.6925142,1L0A
158,3A1P-model-60-neg_A_Z,4,16.883,40.699,0.0,1.9473637,3A1P
159,2YCH-model-44-pos_A_Z,3,3.891,15.004000000000001,0.107143,1.4029394,2YCH
160,4KGG-pos_C_A,1,0.0,0.0,1.0,0.2553817,4KGG
161,2KAI-model-1-pos_A_Z,1,0.292,0.282,0.9759040000000001,-1.8859499,2KAI
162,1P69-pos_A_B,1,0.0,0.0,1.0,-0.50823164,1P69
163,1B27-model-43-neg_A_Z,4,15.522,42.181000000000004,0.0,1.9421016,1B27
164,2A0S-model-67-neg_A_Z,4,17.289,37.473,0.0,1.9552575,2A0S
165,3SOQ-model-59-neg_A_Z,4,10.784,39.228,0.0,1.0996428,3SOQ
166,4KRL-model-1-pos_A_Z,1,0.32899999999999996,1.19,0.9285709999999999,-1.3701627,4KRL
167,3KMH-model-93-neg_A_Z,4,15.931,49.28,0.0,1.961206,3KMH
168,4ILW-model-90-neg_A_Z,4,26.101,53.743,0.0,1.936241,4ILW
169,2IY1-model-50-neg_A_Z,4,5.99,10.55,0.012048,1.9114239,2IY1
170,1T0P-model-1-pos_A_Z,1,0.11599999999999999,0.39299999999999996,1.0,0.44886398,1T0P
171,2H5K-model-1-pos_A_Z,1,0.152,0.314,0.942308,-1.9093587,2H5K
172,3TU3-model-2-neg_A_Z,4,25.623,57.758,0.0,1.9642112,3TU3
173,3ISM-model-5-pos_A_Z,3,1.9669999999999999,6.104,0.47422700000000007,1.2870429,3ISM
174,5HPK-model-1-pos_A_Z,1,0.131,0.35,0.9436620000000001,-1.8397801,5HPK
175,1I4E-pos_A_B,1,0.0,0.0,1.0,-1.8161385,1I4E
176,4L0P-model-60-pos_A_Z,2,2.174,6.263,0.550562,-1.9080145,4L0P
177,2P45-model-1-pos_A_Z,1,0.23199999999999998,0.6559999999999999,0.913043,-0.8915474,2P45
178,1NQ9-model-75-neg_A_Z,4,18.855,87.042,0.0,1.9397945,1NQ9
179,1HBT-model-1-pos_A_Z,1,0.34700000000000003,0.446,0.8913040000000001,-1.7363193,1HBT
180,1FIW-model-75-pos_A_Z,2,1.8319999999999999,4.534,0.466667,1.8975465,1FIW
181,3UI2-model-42-neg_A_Z,4,15.382,39.727,0.0,1.6277378,3UI2
182,2BBA-model-29-pos_A_Z,3,1.87,5.347,0.280702,1.9155988,2BBA
183,1IJX-model-9-neg_A_Z,4,17.160999999999998,49.656000000000006,0.0,1.8758653,1IJX
184,1NR9-model-50-pos_A_Z,3,2.476,7.473,0.39506199999999997,1.0952139,1NR9
185,1UE7-model-93-neg_A_Z,4,15.795,28.101999999999997,0.0,1.9591726,1UE7
186,3GNJ-model-39-neg_A_Z,4,10.683,17.268,0.0,-0.03207481,3GNJ
187,2NU1-model-70-neg_A_Z,4,8.161,18.746,0.0,1.9345495,2NU1
188,1J4U-model-41-neg_A_Z,4,15.192,28.274,0.0,1.7646531,1J4U
189,1GXD-model-1-pos_A_Z,1,0.485,2.636,0.898734,-0.058074713,1GXD
190,2GKW-model-12-pos_A_Z,3,3.372,9.801,0.129412,-0.4954301,2GKW
191,3FL1-model-48-neg_A_Z,4,18.875,31.021,0.0,1.7672486,3FL1
192,2VE6-model-13-pos_A_Z,1,0.608,1.858,0.947368,1.3865665,2VE6
193,3PIM-model-74-neg_A_Z,4,16.29,26.474,0.018349,1.9571427,3PIM
194,3TU3-model-1-pos_A_Z,1,0.11699999999999999,0.244,0.980392,-0.79971373,3TU3
195,3HHJ-model-37-neg_A_Z,4,14.559000000000001,23.413,0.0,1.6348195,3HHJ
196,4POU-model-1-pos_A_Z,1,0.243,0.513,0.982143,-1.515497,4POU
197,3BT1-model-11-pos_A_Z,2,1.621,3.779,0.702703,-0.5772102,3BT1
198,1FU5-model-1-pos_A_Z,1,0.145,0.46,0.9571430000000001,-1.7324347,1FU5
199,1ACB-model-1-pos_A_Z,1,0.39399999999999996,1.57,0.9523809999999999,-1.5562056,1ACB
200,2RA3-model-1-pos_A_Z,1,0.155,0.584,0.9523809999999999,-0.5823002,2RA3
201,1UAN-model-1-pos_A_Z,1,0.125,0.292,0.971698,-1.9302982,1UAN
202,1F45-model-62-neg_A_Z,4,20.616,51.818999999999996,0.0,1.9401517,1F45
203,2C1W-model-9-neg_A_Z,4,18.195999999999998,55.438,0.031745999999999996,1.9430588,2C1W
204,3JVC-model-69-neg_A_Z,4,16.609,33.227,0.029412,0.22539854,3JVC
205,1HPU-model-19-neg_A_Z,4,38.204,97.92399999999999,0.0,1.9487292,1HPU
206,3BPD-model-91-neg_A_Z,4,11.49,25.872,0.0,0.6530923,3BPD
207,2ZSU-model-38-neg_A_Z,4,17.793,47.042,0.015625,1.9498421,2ZSU
208,1GL0-model-99-neg_A_Z,4,14.095,36.806999999999995,0.0,1.2012969,1GL0
209,2ZDC-model-1-pos_A_Z,1,0.183,0.355,0.9595959999999999,-1.7606363,2ZDC
210,1DN2-model-42-pos_A_Z,3,2.4530000000000003,5.497999999999999,0.204545,1.1472669,1DN2
211,3HO5-model-21-pos_A_Z,1,0.268,0.711,0.802632,-0.5965595,3HO5
212,4U97-model-3-pos_A_Z,2,1.575,7.814,0.555556,-0.08136654,4U97
213,3FYF-model-95-neg_A_Z,4,15.917,27.441999999999997,0.0,1.9572748,3FYF
214,2J7Q-model-1-pos_A_Z,1,0.18,0.40700000000000003,0.9696969999999999,-1.4506613,2J7Q
215,4NOO-model-18-neg_A_Z,4,16.91,54.363,0.0,1.872495,4NOO
216,2VIF-model-1-pos_A_Z,1,0.14400000000000002,0.19399999999999998,1.0,-0.41868138,2VIF
217,1SHS-model-28-pos_A_Z,1,0.32899999999999996,0.703,0.941176,-0.9062868,1SHS
218,3HQR-model-73-neg_A_Z,4,6.792999999999999,20.36,0.061855999999999994,0.8781038,3HQR
219,4UDM-model-81-pos_A_Z,3,2.342,5.872999999999999,0.361446,0.82673615,4UDM
220,2HJ1-model-1-pos_A_Z,1,0.166,0.317,0.9620850000000001,-1.8910332,2HJ1
221,2WQ4-model-1-pos_A_Z,1,0.218,0.436,0.8947370000000001,-1.17009,2WQ4
222,3E9M-model-94-neg_A_Z,4,17.649,65.702,0.0,1.8866282,3E9M
223,2HZM-model-97-neg_A_Z,4,17.983,52.736999999999995,0.015152,1.5340343,2HZM
224,4I6L-model-13-neg_A_Z,4,10.152999999999999,20.032,0.021277,1.3819541,4I6L
225,2FPE-model-4-pos_A_Z,3,2.347,6.287000000000001,0.433962,0.29773855,2FPE
226,1JNP-model-54-neg_A_Z,4,13.839,54.721000000000004,0.0,1.7982211,1JNP
227,3BQB-model-43-neg_A_Z,4,19.154,64.417,0.0,1.9393823,3BQB
228,2C7E-model-65-neg_A_Z,4,24.539,48.806999999999995,0.0,0.9403465,2C7E
229,4U97-model-26-neg_A_Z,4,25.837,73.803,0.0,1.8750378,4U97
230,2F2F-model-100-neg_A_Z,4,11.927999999999999,31.679000000000002,0.009346,1.6435736,2F2F
231,3OSL-model-84-neg_A_Z,4,22.017,57.628,0.0,1.9617735,3OSL
232,2EP5-model-4-pos_A_Z,1,0.174,0.903,0.978723,-1.7526009,2EP5
233,3DCL-model-35-pos_A_Z,3,2.259,10.241,0.32,-1.826262,3DCL
234,1HAA-model-65-neg_A_Z,4,5.603,12.363,0.065217,1.7477858,1HAA
235,1HYR-model-9-neg_A_Z,4,17.774,50.996,0.0,1.9423437,1HYR
236,1HX5-model-95-neg_A_Z,4,15.48,26.839000000000002,0.0,1.9570721,1HX5
237,2QW7-model-94-neg_A_Z,4,12.112,45.708999999999996,0.0,1.8799278,2QW7
238,5D3I-model-1-pos_A_Z,1,0.205,0.879,0.9215690000000001,-1.7154069,5D3I
239,4M5F-model-18-pos_A_Z,2,1.3730000000000002,6.2860000000000005,0.657895,0.043752074,4M5F
240,1HYR-model-2-pos_A_Z,1,0.907,3.0669999999999997,0.8979590000000001,-1.023373,1HYR
241,1Y4D-model-59-neg_A_Z,4,13.44,44.486000000000004,0.0,1.950751,1Y4D
242,1XWD-model-2-neg_A_Z,4,13.282,23.096,0.0,0.007780552,1XWD
243,3KWV-model-1-pos_A_Z,1,0.163,0.605,0.9285709999999999,-1.7473825,3KWV
244,3O9L-model-30-neg_A_Z,4,18.095,29.88,0.0,1.1984155,3O9L
245,3C4O-model-2-pos_A_Z,2,1.624,5.502999999999999,0.530864,-1.5299689,3C4O
246,3DQQ-model-3-pos_A_Z,1,0.133,0.706,0.9523809999999999,-1.5224161,3DQQ
247,1YVB-model-2-pos_A_Z,2,1.281,6.936,0.728571,-0.3250035,1YVB
248,2NU1-model-1-pos_A_Z,1,0.214,0.6629999999999999,0.929825,-1.0557508,2NU1
249,3H8D-model-1-pos_A_Z,1,0.145,0.319,0.949153,-1.833375,3H8D
250,1YC6-model-1-pos_A_Z,1,0.228,0.742,0.8979590000000001,-1.8566723,1YC6
251,1N0L-model-58-neg_A_Z,4,15.632,38.173,0.0,1.9368414,1N0L
252,2GHW-model-34-pos_A_Z,3,3.923,20.668000000000003,0.21590900000000002,1.2323709,2GHW
253,3BTV-model-56-neg_A_Z,4,32.398,74.21300000000001,0.0,1.8129969,3BTV
254,2VJF-model-1-pos_A_Z,1,0.225,0.508,0.940594,-1.8840863,2VJF
255,4I6L-model-1-pos_A_Z,1,0.172,0.34600000000000003,0.9148940000000001,-1.7713754,4I6L
256,3FJU-model-76-neg_A_Z,4,6.547000000000001,15.126,0.020408000000000003,1.9451084,3FJU
257,2NQD-model-57-pos_A_Z,2,1.6840000000000002,4.593,0.371795,-1.083913,2NQD
258,3QJ7-model-6-pos_A_Z,1,0.095,0.188,0.983607,-1.1346458,3QJ7
259,4HDO-model-97-pos_A_Z,2,1.726,5.975,0.642857,-1.5684607,4HDO
260,3CDW-model-49-pos_A_Z,3,3.198,8.981,0.13333299999999998,0.62520033,3CDW
261,2WG3-model-1-pos_A_Z,1,0.126,0.215,0.9538459999999999,-1.4915386,2WG3
262,2ZVW-model-2-neg_A_Z,4,19.973,38.58,0.0,1.9530118,2ZVW
263,2GS7-model-20-neg_A_Z,4,7.575,37.895,0.029412,1.9269695,2GS7
264,2RL7-model-15-neg_A_Z,4,9.129,24.535,0.017544,1.9132444,2RL7
265,1GXD-model-56-neg_A_Z,4,16.787,67.598,0.0,1.9221028,1GXD
266,2B42-model-48-neg_A_Z,4,21.416,56.556000000000004,0.0,1.3301843,2B42
267,3FHC-model-1-pos_A_Z,1,0.225,0.47700000000000004,0.875,-0.29955804,3FHC
268,1EJA-model-2-pos_A_Z,1,0.344,0.6940000000000001,0.844828,-1.5256896,1EJA
269,3SJ9-model-84-neg_A_Z,4,4.0969999999999995,14.137,0.090909,1.8143872,3SJ9
270,3BX1-model-81-neg_A_Z,4,13.239,41.98,0.0,1.8322129,3BX1
271,1XG2-model-85-neg_A_Z,4,19.827,59.131,0.0,1.9197557,1XG2
272,3B9I-model-51-pos_A_Z,3,3.8369999999999997,12.98,0.11215,0.596135,3B9I
273,1Y43-model-1-pos_A_Z,1,0.046,0.121,0.986425,-1.8948877,1Y43
274,2WG3-model-54-neg_A_Z,4,16.463,33.397,0.0,1.9578063,2WG3
275,2JJT-model-2-pos_A_Z,2,1.296,5.987,0.6769229999999999,0.38816547,2JJT
276,2W1T-model-7-pos_A_Z,3,3.87,11.854000000000001,0.19852899999999998,-1.0620393,2W1T
277,2BBA-model-24-neg_A_Z,4,5.1739999999999995,14.015,0.0,1.4816169,2BBA
278,3HCG-model-1-pos_A_Z,1,0.149,0.36200000000000004,0.9705879999999999,-0.019966364,3HCG
279,2ANE-model-74-neg_A_Z,4,11.538,21.914,0.014286000000000002,1.9485179,2ANE
280,2DUP-model-11-pos_A_Z,3,3.585,8.481,0.389831,1.6473458,2DUP
281,1F9S-model-7-pos_A_Z,1,0.47100000000000003,2.083,0.938776,-0.10772431,1F9S
282,3TSZ-model-12-neg_A_Z,4,10.953,37.983000000000004,0.0,-0.03824103,3TSZ
283,4KR0-model-40-neg_A_Z,4,27.939,79.171,0.0,1.9445479,4KR0
284,1G31-model-23-neg_A_Z,4,18.769000000000002,48.173,0.0,1.9334704,1G31
285,3V5N-model-24-pos_A_Z,3,2.987,9.161,0.191304,0.032220483,3V5N
286,1YBG-model-1-pos_A_Z,1,0.126,0.284,0.938776,0.9185244,1YBG
287,2HQH-model-31-pos_A_Z,3,4.343,8.857999999999999,0.153846,0.43389928,2HQH
288,2Z7X-model-3-pos_A_Z,1,0.244,0.665,0.979167,-0.06472993,2Z7X
289,3FJU-model-66-pos_A_Z,2,2.127,8.994,0.571429,1.1653566,3FJU
290,1GO4-model-6-neg_A_Z,4,21.255,71.833,0.0,1.8841275,1GO4
291,2PQS-pos_A_B,1,0.0,0.0,1.0,0.298146,2PQS
292,2YYS-model-1-pos_A_Z,1,0.109,0.364,0.924528,-1.5219743,2YYS
293,3TGK-model-21-pos_A_Z,3,3.1630000000000003,10.584000000000001,0.10769200000000001,1.0097704,3TGK
294,3CJX-model-5-pos_A_Z,3,2.963,9.219,0.349398,1.0598407,3CJX
295,4U30-model-35-pos_A_Z,3,2.569,9.282,0.10769200000000001,1.4047179,4U30
296,3QDZ-model-87-neg_A_Z,4,9.69,34.32,0.0,0.9544607,3QDZ
297,2WG4-model-7-pos_A_Z,1,0.515,1.52,0.924528,-0.935725,2WG4
298,5AYR-model-19-neg_A_Z,4,15.499,33.242,0.063291,0.85989654,5AYR
299,1Y48-model-38-pos_A_Z,3,1.669,5.336,0.466667,-0.3872664,1Y48
300,2OS5-model-99-neg_A_Z,4,11.902999999999999,27.930999999999997,0.037736,1.9409446,2OS5
301,1AHS-model-8-pos_A_Z,2,1.3969999999999998,5.777,0.602941,-0.027025938,1AHS
302,3BQB-model-2-pos_A_Z,2,1.574,4.8389999999999995,0.5248229999999999,-1.8339443,3BQB
303,1Y34-model-13-pos_A_Z,3,1.814,5.562,0.457143,-1.7470167,1Y34
304,4CJ1-model-1-pos_A_Z,1,0.08800000000000001,0.225,0.9767440000000001,-1.8181915,4CJ1
305,2XCE-model-1-pos_A_Z,1,0.127,0.344,0.970297,-1.8796282,2XCE
306,3M5R-model-85-neg_A_Z,4,9.416,30.283,0.0,1.8808023,3M5R
307,2K2S-model-1-pos_A_Z,1,0.46799999999999997,1.014,0.826923,-1.8651731,2K2S
308,1UGH-model-1-pos_A_Z,1,0.099,0.247,0.939024,-1.8132658,1UGH
309,1ZVN-model-32-neg_A_Z,4,11.282,30.105,0.076923,1.3859442,1ZVN
310,3H35-model-1-pos_A_Z,1,0.16699999999999998,0.434,0.949367,-1.4471834,3H35
311,4RS1-model-23-neg_A_Z,4,14.575,22.685,0.0,1.9354364,4RS1
312,4AFQ-model-47-neg_A_Z,4,8.27,15.74,0.0,1.9532931,4AFQ
313,3KWV-model-4-neg_A_Z,4,23.279,56.571999999999996,0.0,1.8748409,3KWV
314,3FPU-model-1-pos_A_Z,1,0.12300000000000001,0.309,0.9890110000000001,-1.8647698,3FPU
315,3BCW-model-8-pos_A_Z,3,3.36,8.427,0.183206,1.4839633,3BCW
316,4CDK-model-23-neg_A_Z,4,19.4,52.574,0.0,1.874545,4CDK
317,2P49-model-1-pos_A_Z,1,0.159,0.446,0.916667,-1.0762131,2P49
318,1AVX-model-11-pos_A_Z,3,3.2310000000000003,14.222000000000001,0.41269799999999995,-1.130744,1AVX
319,1SOT-model-19-neg_A_Z,4,20.079,76.006,0.0,1.9248405,1SOT
320,4NZW-model-60-neg_A_Z,4,18.287,55.102,0.0,1.9225457,4NZW
321,1B3T-model-18-neg_A_Z,4,15.67,29.945,0.0,0.931821,1B3T
322,2OZK-model-62-pos_A_Z,1,0.439,1.755,0.8235290000000001,0.29041803,2OZK
323,2X36-model-1-pos_A_Z,1,0.19899999999999998,0.732,0.9622639999999999,-0.1306895,2X36
324,2AZN-pos_A_D,1,0.0,0.0,1.0,1.6775284,2AZN
325,1SHY-model-37-neg_A_Z,4,26.464000000000002,73.02600000000001,0.0,1.9303745,1SHY
326,5JLV-model-20-neg_A_Z,4,15.83,47.175,0.0,1.5634019,5JLV
327,3CG8-model-68-pos_A_Z,3,2.887,6.871,0.276423,0.692081,3CG8
328,3WA5-model-1-pos_A_Z,1,0.057999999999999996,0.16899999999999998,0.9864860000000001,-1.7740502,3WA5
329,1C9T-model-89-pos_A_Z,3,3.781,14.38,0.169811,1.8418992,1C9T
330,1XD3-model-2-pos_A_Z,3,2.842,7.563,0.173913,0.5363771,1XD3
331,2BTF-model-1-pos_A_Z,1,0.308,0.621,0.910256,-1.4956484,2BTF
332,4B1Y-model-1-pos_A_Z,1,0.166,0.308,0.8548389999999999,-1.8895513,4B1Y
333,2OZK-model-9-neg_A_Z,4,20.695999999999998,62.223,0.0,1.6997119,2OZK
334,4YEB-model-3-pos_A_Z,1,0.5529999999999999,1.258,0.901961,-0.18390262,4YEB
335,2HQH-model-90-neg_A_Z,4,13.507,34.162,0.0,1.9282188,2HQH
336,4MSM-model-27-neg_A_Z,4,16.361,43.873999999999995,0.0,1.879283,4MSM
337,5D1M-model-1-pos_A_Z,1,0.08,0.153,0.978022,-1.4862263,5D1M
338,1Q5H-model-1-pos_A_Z,1,0.069,0.166,0.9703700000000001,-1.9064248,1Q5H
339,4AN7-model-46-neg_A_Z,4,21.109,63.44,0.0,1.2434978,4AN7
340,3DA7-model-54-neg_A_Z,4,17.94,50.626000000000005,0.0,1.8101015,3DA7
341,3P95-model-95-neg_A_Z,4,7.183,15.998,0.0,1.8590482,3P95
342,2OPI-model-91-neg_A_Z,4,13.845999999999998,21.901999999999997,0.0,1.1843137,2OPI
343,1LDT-model-72-neg_A_Z,4,14.22,38.055,0.0,1.9508649,1LDT
344,2E4M-model-68-neg_A_Z,4,15.85,66.062,0.0,1.872824,2E4M
345,1B3S-model-1-pos_A_Z,1,0.22,0.61,0.918367,-1.3649063,1B3S
346,2SIC-model-47-neg_A_Z,4,12.674000000000001,53.331,0.0,1.9531728,2SIC
347,3B6P-model-78-neg_A_Z,4,14.398,48.856,0.0,1.9511894,3B6P
348,3F74-model-91-neg_A_Z,4,18.993,55.716,0.0,1.6733503,3F74
349,3KZH-model-5-neg_A_Z,4,10.999,51.983000000000004,0.0,1.8184888,3KZH
350,2J7Q-model-8-neg_A_Z,4,18.364,54.515,0.0,1.9275085,2J7Q
351,3H6S-model-54-pos_A_Z,3,3.395,12.514000000000001,0.324324,0.8098453,3H6S
352,2Y9X-model-39-neg_A_Z,4,21.308000000000003,57.045,0.0,1.9409693,2Y9X
353,3NCT-model-2-neg_A_Z,4,16.909000000000002,41.71,0.0,1.8757267,3NCT
354,2P49-model-20-neg_A_Z,4,14.745999999999999,46.678999999999995,0.0,1.9506266,2P49
355,3H6S-model-97-neg_A_Z,4,14.145999999999999,34.736,0.0,1.3740637,3H6S
356,2WAM-model-25-neg_A_Z,4,18.495,64.301,0.0,1.953104,2WAM
357,2IDO-model-27-pos_A_Z,3,2.58,6.567,0.40625,-1.3410674,2IDO
358,2I04-model-40-neg_A_Z,4,15.591,45.816,0.0,1.9443307,2I04
359,2QBW-model-36-pos_A_Z,3,2.984,11.085999999999999,0.112903,0.071335554,2QBW
360,1SUW-model-24-pos_A_Z,3,3.7910000000000004,8.492,0.277778,0.7645698,1SUW
361,1JXQ-model-75-neg_A_Z,4,16.524,27.078000000000003,0.0,1.6010004,1JXQ
362,4DOQ-model-92-neg_A_Z,4,12.639000000000001,37.974000000000004,0.0,1.7555825,4DOQ
363,3EUK-model-17-pos_A_Z,3,3.44,9.452,0.274725,0.11908138,3EUK
364,4PQT-model-1-pos_A_Z,1,0.10800000000000001,0.37200000000000005,0.935484,-1.8616681,4PQT
365,1B27-model-25-pos_A_Z,2,1.5290000000000001,4.862,0.589286,-1.1323087,1B27
366,2IA9-model-92-neg_A_Z,4,17.024,45.313,0.0,1.9455998,2IA9
367,3K4W-model-51-neg_A_Z,4,10.07,33.85,0.042254,1.5169394,3K4W
368,3N6Q-model-3-pos_A_Z,1,0.72,4.921,0.866667,-1.4829245,3N6Q
369,2G6V-model-6-neg_A_Z,4,12.702,58.845,0.01087,1.9489133,2G6V
370,4B1X-model-85-neg_A_Z,4,10.543,26.333000000000002,0.050847,0.2408936,4B1X
371,2OKQ-model-71-neg_A_Z,4,18.000999999999998,31.679000000000002,0.0,1.3712951,2OKQ
372,2Q7N-model-1-pos_A_Z,1,0.242,0.9009999999999999,0.8493149999999999,-0.8833689,2Q7N
373,4TQ1-model-86-neg_A_Z,4,15.68,38.106,0.0,0.73351794,4TQ1
374,1JTD-model-88-neg_A_Z,4,17.180999999999997,53.552,0.0,1.96089,1JTD
375,3QSK-model-19-neg_A_Z,4,12.355,40.909,0.0,1.9250613,3QSK
376,2QLC-model-28-neg_A_Z,4,10.931,23.953000000000003,0.0,0.6264765,2QLC
377,3KMH-model-22-pos_A_Z,3,3.397,9.243,0.27118600000000004,0.38013816,3KMH
378,5D1M-model-14-neg_A_Z,4,13.735,35.4,0.010989,1.9195167,5D1M
379,2SNI-model-17-neg_A_Z,4,16.644000000000002,52.496,0.0,1.947107,2SNI
380,1MBY-model-2-pos_A_Z,3,3.326,7.0920000000000005,0.268041,0.10198462,1MBY
381,4KR0-model-1-pos_A_Z,1,0.28,0.795,0.9375,-1.169373,4KR0
382,3I2B-model-26-neg_A_Z,4,15.239,53.19,0.0,0.8447238,3I2B
383,1XD3-model-43-neg_A_Z,4,16.348,48.043,0.0,1.9262276,1XD3
384,2X9A-model-52-neg_A_Z,4,9.628,21.583000000000002,0.051724,1.3572352,2X9A
385,1EAI-model-76-neg_A_Z,4,10.797,29.921,0.0,1.8712617,1EAI
386,1F9S-model-34-neg_A_Z,4,12.602,39.742,0.0,1.9228344,1F9S
387,3P9W-model-98-neg_A_Z,4,17.627,41.332,0.0,1.8991306,3P9W
388,3FSN-model-61-neg_A_Z,4,25.826999999999998,66.84899999999999,0.0,1.9313142,3FSN
389,1SOT-model-42-pos_A_Z,2,1.0390000000000001,6.54,0.655172,-1.4244146,1SOT
390,1I07-model-1-pos_A_Z,1,0.099,0.2,0.9870129999999999,-1.9074174,1I07
391,3NTQ-model-1-pos_A_Z,1,0.11699999999999999,0.39299999999999996,0.9646020000000001,-1.8261294,3NTQ
392,2GJV-model-32-pos_A_Z,3,2.863,7.9910000000000005,0.391304,1.0293946,2GJV
393,2IWP-model-9-neg_A_Z,4,11.78,19.636,0.01087,0.6089732,2IWP
394,4LQW-model-19-pos_A_Z,1,0.18899999999999997,0.828,0.934783,0.4873401,4LQW
395,4EIG-model-1-pos_A_Z,1,0.201,0.527,0.8709680000000001,-1.5975459,4EIG
396,3FLP-model-75-pos_A_Z,2,1.2409999999999999,3.761,0.514706,-0.8753246,3FLP
397,3UZP-model-41-neg_A_Z,4,16.629,57.465,0.0,1.9582223,3UZP
398,1OS2-model-11-pos_A_Z,2,1.3519999999999999,4.7219999999999995,0.808511,1.1694852,1OS2
399,3TDM-model-19-pos_A_Z,3,3.825,8.613,0.10483900000000002,0.8708962,3TDM
400,4LLO-model-90-pos_A_Z,3,3.639,8.849,0.170213,0.86151296,4LLO
401,5D1L-model-1-pos_A_Z,1,0.084,0.207,1.0,0.33305323,5D1L
402,2CO6-model-11-pos_A_Z,3,2.679,6.865,0.315789,-1.5748897,2CO6
403,2HZM-model-7-pos_A_Z,3,2.312,5.812,0.295455,-1.2167082,2HZM
404,5B75-model-87-neg_A_Z,4,14.864,35.618,0.0,1.9070727,5B75
405,1XG2-model-1-pos_A_Z,1,0.192,0.38799999999999996,0.9078950000000001,-0.69808984,1XG2
406,3NCT-model-1-pos_A_Z,1,0.09300000000000001,0.218,0.9880950000000001,-1.7129108,3NCT
407,1F2U-model-59-neg_A_Z,4,15.725,54.117,0.012422,1.0963755,1F2U
408,4DOQ-model-1-pos_A_Z,1,0.257,0.937,0.936508,-1.8151109,4DOQ
409,3KW5-model-1-pos_A_Z,1,0.084,0.225,0.9634149999999999,-1.839668,3KW5
410,4EQA-model-15-neg_A_Z,4,13.877,42.36,0.0,1.8995185,4EQA
411,2GJV-model-3-neg_A_Z,4,13.43,52.668,0.0,0.77658707,2GJV
412,5B78-model-96-neg_A_Z,4,13.404000000000002,33.199,0.0,1.9265621,5B78
413,1XFS-model-11-pos_A_Z,3,2.807,10.97,0.375,-1.3803105,1XFS
414,2A2L-model-29-neg_A_Z,4,15.696,25.910999999999998,0.0,1.5769268,2A2L
415,1X1U-model-27-neg_A_Z,4,11.046,17.932000000000002,0.0,1.9436404,1X1U
416,1FIW-model-18-neg_A_Z,4,13.499,37.972,0.0,0.91063035,1FIW
417,4CJ1-model-23-neg_A_Z,4,14.892000000000001,37.378,0.0,1.7993176,4CJ1
418,4A94-model-33-neg_A_Z,4,20.155,45.78,0.0,1.9564158,4A94
419,3SOQ-model-10-pos_A_Z,3,3.187,11.552999999999999,0.151515,0.6380373,3SOQ
420,2XCE-model-25-neg_A_Z,4,17.491,27.485,0.019802,1.162745,2XCE
421,2OVI-model-26-neg_A_Z,4,21.184,62.505,0.0,1.9230051,2OVI
422,2Z29-model-68-neg_A_Z,4,24.795,50.411,0.0,1.9632381,2Z29
423,1INN-model-11-pos_A_Z,3,4.152,8.156,0.11188800000000002,1.0218835,1INN
424,4G6U-model-87-neg_A_Z,4,23.041,65.52,0.0,1.9343594,4G6U
425,2PUY-model-75-neg_A_Z,4,10.640999999999998,29.003,0.0,1.6287248,2PUY
426,3P71-model-62-neg_A_Z,4,23.04,55.785,0.0,1.9370986,3P71
427,1UWG-model-70-neg_A_Z,4,18.555,59.865,0.0,1.9111252,1UWG
428,3Q9N-model-10-neg_A_Z,4,12.578,23.508000000000003,0.0,1.847615,3Q9N
429,3FD4-model-4-pos_A_Z,2,1.222,5.274,0.569231,-0.87321603,3FD4
430,1BPO-model-1-pos_A_Z,1,0.342,1.133,0.9436620000000001,-1.7657406,1BPO
431,2P46-model-44-neg_A_Z,4,14.057,57.589,0.0,1.9349903,2P46
432,3Q7H-model-40-pos_A_Z,3,2.051,3.6919999999999997,0.268041,0.11448121,3Q7H
433,2OYA-model-78-neg_A_Z,4,13.520999999999999,28.193,0.056603999999999995,1.8393258,2OYA
434,1BO4-model-1-pos_A_Z,1,0.209,0.498,0.894309,-1.9095932,1BO4
435,3JRQ-model-1-pos_A_Z,1,0.14800000000000002,0.32299999999999995,0.9814809999999999,-0.0073457956,3JRQ
436,2W81-model-1-pos_A_Z,1,0.23,0.5660000000000001,0.98913,-1.8710135,2W81
437,3I84-model-44-neg_A_Z,4,19.98,37.066,0.0,1.7433223,3I84
438,3KZH-model-3-pos_A_Z,2,1.127,7.013999999999999,0.692308,-1.8569696,3KZH
439,3PGA-model-8-neg_A_Z,4,20.971999999999998,49.402,0.0,-1.7568963,3PGA
440,3JVC-model-2-pos_A_Z,1,0.48100000000000004,1.186,0.9705879999999999,0.45767367,3JVC
441,3P8B-model-36-pos_A_Z,3,3.705,6.691,0.267442,1.3751507,3P8B
442,5AYR-model-66-pos_A_Z,3,2.239,5.482,0.316456,-0.81621623,5AYR
443,5JYL-model-17-neg_A_Z,4,19.313,55.25899999999999,0.0,1.8758974,5JYL
444,1TM3-model-87-pos_A_Z,3,1.983,6.615,0.356164,1.56716,1TM3
445,2BUJ-model-1-pos_A_Z,1,0.13699999999999998,0.893,1.0,-1.489988,2BUJ
446,3QQ8-model-4-pos_A_Z,3,3.1460000000000004,10.85,0.433962,-0.19619,3QQ8
447,3K3C-model-1-pos_A_Z,1,0.133,0.32899999999999996,0.9851850000000001,-1.9353943,3K3C
448,4KGG-model-80-neg_A_Z,4,16.593,46.019,0.0,1.5900463,4KGG
449,1YCS-model-1-pos_A_Z,1,0.25,0.748,0.9574469999999999,-1.6773126,1YCS
450,2QYI-model-56-pos_A_Z,3,2.553,10.831,0.43529399999999996,-1.1136417,2QYI
451,3EPZ-model-35-pos_A_Z,2,1.149,7.013999999999999,0.742857,0.7971836,3EPZ
452,3DCL-model-69-neg_A_Z,4,13.665999999999999,52.04600000000001,0.0,1.9545993,3DCL
453,2QC1-model-3-pos_A_Z,1,0.9890000000000001,1.986,0.696429,0.0559752,2QC1
454,2EP5-model-2-neg_A_Z,4,10.702,58.161,0.0,0.027169347,2EP5
455,3UI2-model-1-pos_A_Z,1,0.125,0.304,0.984375,-1.6355519,3UI2
456,3TQY-model-18-neg_A_Z,4,19.21,30.34,0.012195000000000001,1.9525616,3TQY
457,3M85-model-1-neg_A_Z,4,16.837,49.192,0.0,1.9443332,3M85
458,4KBB-model-95-neg_A_Z,4,10.056000000000001,26.299,0.0,1.8768376,4KBB
459,3HTR-model-73-neg_A_Z,4,13.751,20.587,0.0,1.8538312,3HTR
460,2R0K-model-42-pos_A_Z,2,1.7309999999999999,10.838,0.607143,0.05900085,2R0K
461,3N4I-model-2-pos_A_Z,2,1.969,5.726,0.56383,-1.3785752,3N4I
462,2DPF-model-9-neg_A_Z,4,14.439,26.169,0.009709,1.0357616,2DPF
463,5JYL-model-1-pos_A_Z,1,0.095,0.29600000000000004,1.0,0.96672857,5JYL
464,3TL8-model-90-pos_A_Z,3,2.12,5.649,0.44047600000000003,0.72128594,3TL8
465,1JK9-model-77-neg_A_Z,4,21.191999999999997,56.706,0.0,1.9543805,1JK9
466,1S98-model-27-neg_A_Z,4,17.185,38.87,0.0,1.7806683,1S98
467,2W2N-model-75-neg_A_Z,4,12.668,34.83,0.0,1.9532107,2W2N
468,1HX5-model-68-pos_A_Z,3,2.325,5.165,0.37037,1.7554989,1HX5
469,1Z3G-model-23-pos_A_Z,1,0.34600000000000003,1.339,0.909091,-0.16889668,1Z3G
470,1GT7-model-70-neg_A_Z,4,20.467,51.728,0.0,1.9463253,1GT7
471,2OPI-model-73-pos_A_Z,3,3.4360000000000004,6.706,0.214286,0.037077785,2OPI
472,1B3T-model-1-pos_A_Z,1,0.141,0.319,0.9512200000000001,-1.9059719,1B3T
473,3V3K-model-87-neg_A_Z,4,12.837,34.139,0.0,1.8589709,3V3K
474,2P4Z-model-36-pos_A_Z,3,1.827,6.785,0.341463,-1.5057302,2P4Z
475,3PIM-model-2-pos_A_Z,3,2.7969999999999997,6.334,0.41284399999999993,-1.8839195,3PIM
476,1Y3B-model-64-neg_A_Z,4,14.609000000000002,41.864,0.0,1.955354,1Y3B
477,3EUK-model-50-neg_A_Z,4,25.206999999999997,67.016,0.0,1.8418546,3EUK
478,3P9W-model-1-pos_A_Z,1,0.524,0.862,0.8656719999999999,-1.0747337,3P9W
479,3BPD-model-2-pos_A_Z,1,0.226,0.7390000000000001,0.9322030000000001,-1.186512,3BPD
480,1UM2-model-63-neg_A_Z,4,10.967,37.215,0.0,0.9325254,1UM2
481,3DJP-model-2-neg_A_Z,4,4.572,11.029000000000002,0.176871,1.9296337,3DJP
482,2WVT-model-74-neg_A_Z,4,27.763,100.42399999999999,0.0,1.9319046,2WVT
483,3FFU-model-63-pos_A_Z,2,1.3719999999999999,5.305,0.541667,-0.12517107,3FFU
484,2O9Q-model-19-pos_A_Z,3,3.1860000000000004,9.525,0.114754,1.8778833,2O9Q
485,1EM8-model-4-neg_A_Z,4,20.285999999999998,58.593,0.0,1.5066527,1EM8
486,2NQD-model-75-neg_A_Z,4,21.107,62.239,0.0,1.9530616,2NQD
487,3TGK-model-74-neg_A_Z,4,13.349,44.873000000000005,0.0,0.90548205,3TGK
488,2Y9X-model-1-pos_A_Z,1,0.139,0.33799999999999997,0.895833,-0.47808838,2Y9X
489,3V96-model-30-neg_A_Z,4,21.655,50.408,0.0,1.5533777,3V96
490,2OTL-model-1-pos_A_Z,1,0.253,0.5539999999999999,0.9176469999999999,-1.584498,2OTL
491,2O9Q-model-52-neg_A_Z,4,4.631,13.397,0.0,0.92031956,2O9Q
492,2FPE-model-13-neg_A_Z,4,10.116,15.83,0.0,1.2685987,2FPE
493,2Q17-model-84-neg_A_Z,4,16.851,56.623000000000005,0.0,1.9089583,2Q17
494,4XL5-model-63-pos_A_Z,2,1.975,3.595,0.527273,-0.030090213,4XL5
495,2H1T-model-4-neg_A_Z,4,22.4,50.022,0.0,1.7537334,2H1T
496,3FCG-model-1-pos_A_Z,1,0.18100000000000002,0.441,0.909091,-0.7141152,3FCG
497,1E8N-model-11-pos_A_Z,3,2.571,11.062000000000001,0.125,0.21151936,1E8N
498,2HVB-model-5-pos_A_Z,3,2.8739999999999997,9.8,0.26,0.91761345,2HVB
499,1H1V-model-1-pos_A_Z,1,0.3,1.263,0.925373,0.11182189,1H1V
500,3KQZ-model-87-neg_A_Z,4,22.245,64.374,0.0,1.937397,3KQZ
501,1AN1-model-47-neg_A_Z,4,16.949,45.041000000000004,0.0,1.9483123,1AN1
502,3EDP-model-80-neg_A_Z,4,19.160999999999998,54.461999999999996,0.0,1.948854,3EDP
503,1TE1-model-65-neg_A_Z,4,18.416,61.403999999999996,0.0,1.7070246,1TE1
504,2P45-model-65-neg_A_Z,4,14.434000000000001,41.062,0.0,1.2380079,2P45
505,3I5V-pos_A_D,1,0.0,0.0,1.0,1.8325611,3I5V
506,4XXB-model-6-pos_A_Z,3,3.1630000000000003,6.659,0.298507,0.54427147,4XXB
507,1SMF-model-1-pos_A_Z,1,0.128,0.44799999999999995,0.955556,-1.0043973,1SMF
508,1F5R-model-1-pos_A_Z,1,0.14400000000000002,0.517,0.936508,-1.7940954,1F5R
509,3SLH-model-9-pos_A_Z,1,0.18899999999999997,0.609,0.9512200000000001,1.2107959,3SLH
510,1RY7-model-1-pos_A_Z,1,0.23199999999999998,0.449,0.9693879999999999,-0.43959045,1RY7
511,2ZSU-model-1-pos_A_Z,1,0.114,0.257,0.945312,-1.8879315,2ZSU
512,1L2W-model-2-pos_A_Z,2,1.796,6.117999999999999,0.582418,-1.8687326,1L2W
513,3FL1-model-1-pos_A_Z,1,0.141,0.29100000000000004,0.9903850000000001,-1.4870543,3FL1
514,1C9S-model-1-pos_A_Z,1,0.145,0.294,0.923077,-1.8513796,1C9S
515,5JMC-model-62-neg_A_Z,4,12.689,34.138000000000005,0.0,1.8567077,5JMC
516,1JKG-model-20-neg_A_Z,4,14.889000000000001,25.666999999999998,0.0,1.7855884,1JKG
517,1AGQ-model-1-pos_A_Z,1,0.20600000000000002,0.505,0.936364,-1.8623761,1AGQ
518,2QYI-model-13-neg_A_Z,4,16.884,36.869,0.0,1.355782,2QYI
519,1EZI-model-2-pos_A_Z,2,1.7990000000000002,5.997000000000001,0.765432,-1.6852108,1EZI
520,4PJ2-model-1-pos_A_Z,1,0.146,0.574,0.9701489999999999,-1.837667,4PJ2
521,5IOH-model-53-neg_A_Z,4,16.773,40.551,0.0,1.9112213,5IOH
522,2Q17-model-49-pos_A_Z,3,3.748,9.565,0.473684,1.9176733,2Q17
523,3OJM-model-70-neg_A_Z,4,14.387,26.333000000000002,0.017856999999999998,1.9064137,3OJM
524,1BJR-model-77-pos_A_Z,3,2.995,10.911,0.163043,0.9104099,1BJR
525,1TAW-model-62-neg_A_Z,4,13.405,45.373000000000005,0.0,1.9406936,1TAW
526,3B93-model-31-neg_A_Z,4,10.588,24.655,0.065217,1.9023787,3B93
527,1UK4-model-30-pos_A_Z,3,1.963,8.133,0.195122,0.59389174,1UK4
528,5D1K-model-6-pos_A_Z,3,2.406,5.377999999999999,0.35483899999999996,0.055476904,5D1K
529,1GT7-model-43-pos_A_Z,3,2.458,6.566,0.42,1.3626761,1GT7
530,2A6P-model-50-neg_A_Z,4,9.002,22.686,0.0,1.9264433,2A6P
531,2W80-model-52-pos_A_Z,3,3.95,8.03,0.22222199999999998,1.7972711,2W80
532,2C1W-model-1-pos_A_Z,1,0.345,1.198,0.9047620000000001,-0.7491943,2C1W
533,2P47-model-2-pos_A_Z,1,0.213,0.731,0.9545450000000001,-0.42765558,2P47
534,3Q7H-model-89-neg_A_Z,4,17.605999999999998,34.506,0.0,0.48359394,3Q7H
535,2J12-model-61-neg_A_Z,4,19.949,51.9,0.0,1.20562,2J12
536,4KV5-model-70-pos_A_Z,3,3.593,10.167,0.2,0.99232316,4KV5
537,4BWQ-model-1-pos_A_Z,1,0.225,0.564,0.9361700000000001,-0.5329747,4BWQ
538,3TG9-model-1-pos_A_Z,1,0.276,0.716,0.9125,-1.6179938,3TG9
539,2CE8-model-4-neg_A_Z,4,15.929,46.361999999999995,0.0,1.8961592,2CE8
540,2Z0P-model-83-neg_A_Z,4,16.579,31.72,0.0,1.5668153,2Z0P
541,3EMJ-model-100-neg_A_Z,4,11.408,42.527,0.0,1.7675991,3EMJ
542,3D1M-model-1-pos_A_Z,1,0.36200000000000004,0.903,0.875,1.8390049,3D1M
543,2BTF-model-50-neg_A_Z,4,17.348,47.598,0.0,1.9003146,2BTF
544,1IJX-model-1-pos_A_Z,1,0.264,0.578,0.909091,-1.8689501,1IJX
545,3LRJ-model-53-neg_A_Z,4,9.612,20.381,0.037383,0.8512826,3LRJ
546,1JYI-model-41-neg_A_Z,4,10.880999999999998,30.418000000000003,0.0,1.3084052,1JYI
547,1M1F-model-17-neg_A_Z,4,12.431,21.164,0.010753,1.8491547,1M1F
548,2HEY-model-24-pos_A_Z,2,2.092,5.693,0.686275,0.3240887,2HEY
549,1ZCP-model-57-neg_A_Z,4,11.149000000000001,22.307,0.026316000000000003,1.4429318,1ZCP
550,4FZA-model-21-pos_A_Z,1,0.705,3.137,0.8214290000000001,0.5464661,4FZA
551,3P95-model-1-pos_A_Z,1,0.166,0.68,0.924242,-1.7922632,3P95
552,1QB3-model-54-neg_A_Z,4,20.249000000000002,44.193000000000005,0.0,1.0472994,1QB3
553,2PNH-model-18-pos_A_Z,3,3.2310000000000003,5.55,0.15534,1.0966034,2PNH
554,1EAI-model-51-pos_A_Z,3,2.613,7.648,0.298701,0.9455986,1EAI
555,3O2X-model-1-pos_A_Z,1,0.175,0.489,0.9047620000000001,-0.2962302,3O2X
556,3BN3-model-63-neg_A_Z,4,23.198,57.599,0.0,1.1271007,3BN3
557,1G60-model-23-neg_A_Z,4,19.677,61.661,0.0,1.9455435,1G60
558,2I04-model-11-pos_A_Z,1,0.204,0.5429999999999999,0.923077,-1.5442647,2I04
559,3GBU-model-23-neg_A_Z,4,23.808000000000003,69.161,0.0,1.9595956,3GBU
560,4W6X-model-1-pos_A_Z,1,0.325,0.757,0.982759,-1.5399814,4W6X
561,2OKQ-model-1-pos_A_Z,1,0.12300000000000001,0.233,0.979058,-1.8978691,2OKQ
562,3DKU-model-31-neg_A_Z,4,17.124000000000002,45.577,0.046729,1.4359995,3DKU
563,2W0C-model-83-neg_A_Z,4,12.522,26.545,0.0,1.937408,2W0C
564,2O8Q-model-15-neg_A_Z,4,6.261,18.418,0.09401699999999999,0.7148392,2O8Q
565,1YY9-model-13-neg_A_Z,4,19.015,52.736999999999995,0.0,1.6380293,1YY9
566,2EWN-model-4-pos_A_Z,2,1.209,5.968,0.574713,-1.2035285,2EWN
567,3Q87-model-35-neg_A_Z,4,8.501,30.378,0.0,1.8023859,3Q87
568,1DLE-model-1-pos_A_Z,1,2.016,0.49,0.9595959999999999,-1.0274063,1DLE
569,3MJ9-model-4-pos_A_Z,1,0.182,0.792,0.947368,1.8826636,3MJ9
570,3BRD-model-46-neg_A_Z,4,8.61,24.834,0.0,0.6922148,3BRD
571,1UWG-model-2-pos_A_Z,1,0.556,1.317,0.857143,-1.7536569,1UWG
572,2R9P-model-12-neg_A_Z,4,4.7989999999999995,16.713,0.033333,1.9394314,2R9P
573,2HWJ-model-15-neg_A_Z,4,20.031,65.605,0.0,0.42899,2HWJ
574,3BX1-model-1-pos_A_Z,1,0.24600000000000002,0.828,0.906977,-1.6954188,3BX1
575,3FG8-model-81-neg_A_Z,4,10.306,38.123000000000005,0.0,1.7502888,3FG8
576,5B77-model-2-pos_A_Z,2,2.009,5.462000000000001,0.532258,0.014877796,5B77
577,2I5G-model-1-pos_A_Z,1,0.172,0.4,0.9324319999999999,0.06584895,2I5G
578,3LRJ-model-21-pos_A_Z,3,4.44,9.12,0.17757,1.3753335,3LRJ
579,1ATN-pos_A_D,1,0.0,0.0,1.0,-1.868136,1ATN
580,3HPN-model-1-pos_A_Z,1,0.146,0.46299999999999997,0.9875,0.33365583,3HPN
581,3B76-model-23-neg_A_Z,4,16.686,25.247,0.018182,1.2720609,3B76
582,1GO4-model-1-pos_A_Z,1,0.11800000000000001,0.369,0.972973,-1.8378717,1GO4
583,3TSR-model-5-neg_A_Z,4,19.430999999999997,44.066,0.0,1.9048238,3TSR
584,1XV2-model-70-neg_A_Z,4,18.402,28.026999999999997,0.0,1.9449613,1XV2
585,1SMO-model-18-pos_A_Z,3,1.473,5.319,0.46,-1.5400475,1SMO
586,2H3N-model-64-neg_A_Z,4,19.715,61.723,0.0,1.9491698,2H3N
587,3EHU-model-6-pos_A_Z,1,0.33,0.747,1.0,0.51342404,3EHU
588,2FTL-model-32-neg_A_Z,4,12.575,40.35,0.0,1.9331888,2FTL
589,1PBI-model-61-neg_A_Z,4,16.508,31.423000000000002,0.0,0.7794353,1PBI
590,3PIG-model-16-neg_A_Z,4,20.965999999999998,37.489000000000004,0.0,1.958275,3PIG
591,3HMK-model-2-neg_A_Z,4,19.471,37.079,0.0,1.8647054,3HMK
592,3B01-model-58-neg_A_Z,4,23.61,72.243,0.0,1.0307577,3B01
593,3DKU-model-28-pos_A_Z,3,4.545,8.097999999999999,0.158879,0.8731325,3DKU
594,4NOO-model-1-pos_A_Z,1,0.10800000000000001,0.271,0.974359,-1.5143757,4NOO
595,2HL3-model-58-neg_A_Z,4,11.43,25.88,0.090909,1.902177,2HL3
596,1P3H-model-76-neg_A_Z,4,14.737,26.764,0.0,0.42946744,1P3H
597,1G9I-model-26-pos_A_Z,3,3.2569999999999997,11.144,0.114754,-0.13992476,1G9I
598,3CDW-model-69-neg_A_Z,4,9.622,28.838,0.0,0.22016263,3CDW
599,3H9G-model-70-neg_A_Z,4,14.189,53.781000000000006,0.0,1.8452672,3H9G
600,4PJ2-model-64-neg_A_Z,4,12.69,23.348000000000003,0.0,1.9508088,4PJ2
601,3V3K-model-1-pos_A_Z,1,1.075,0.6729999999999999,0.9701489999999999,-0.56859386,3V3K
602,4WEM-model-74-neg_A_Z,4,9.767000000000001,26.351,0.0,1.901123,4WEM
603,1WOQ-model-33-neg_A_Z,4,20.296,48.425,0.0,-0.6343452,1WOQ
604,3E2L-model-85-neg_A_Z,4,16.771,52.993,0.0,1.9370973,3E2L
605,4AN7-model-2-pos_A_Z,2,1.383,6.067,0.701299,-1.8714803,4AN7
606,1A79-model-34-neg_A_Z,4,18.955,55.548,0.0,1.9437331,1A79
607,2JOD-model-7-neg_A_Z,4,10.912,24.074,0.0,1.0414454,2JOD
608,1MAS-model-99-neg_A_Z,4,17.512999999999998,35.226,0.03125,1.6973453,1MAS
609,4B1V-model-94-neg_A_Z,4,20.2,51.239,0.0,0.19340813,4B1V
610,4CJ0-model-1-pos_A_Z,1,0.153,0.43700000000000006,0.9523809999999999,-1.6975858,4CJ0
611,1UK4-model-48-neg_A_Z,4,6.977,29.726999999999997,0.0,0.70347774,1UK4
612,3LM1-model-6-neg_A_Z,4,11.007,32.048,0.0,1.1496785,3LM1
613,5D1K-model-98-neg_A_Z,4,18.723,42.303999999999995,0.0,1.163075,5D1K
614,1CQ3-model-1-pos_A_Z,1,0.172,0.447,0.9594590000000001,-0.7631468,1CQ3
615,4KFZ-model-24-neg_A_Z,4,21.816,55.477,0.0,1.9621782,4KFZ
616,2I7R-model-11-pos_A_Z,3,2.504,5.416,0.19230799999999998,1.023349,2I7R
617,3B9I-model-90-neg_A_Z,4,11.29,21.453000000000003,0.018692,0.43849158,3B9I
618,3M5R-model-28-pos_A_Z,3,2.609,5.75,0.291667,1.8544774,3M5R
619,5B78-model-35-pos_A_Z,2,1.7530000000000001,4.908,0.306452,0.04123056,5B78
620,3KDG-model-1-pos_A_Z,1,0.332,1.226,0.9125,-1.8433752,3KDG
621,1C9P-model-1-pos_A_Z,1,0.456,1.6880000000000002,0.963636,-1.0158968,1C9P
622,3FCG-model-85-neg_A_Z,4,13.58,39.804,0.0,0.8214865,3FCG
623,4AFZ-model-72-neg_A_Z,4,17.894000000000002,53.326,0.0,0.6568841,4AFZ
624,5F3X-model-61-neg_A_Z,4,13.177999999999999,48.788000000000004,0.0,1.6272484,5F3X
625,3ISM-model-29-neg_A_Z,4,16.502,56.001000000000005,0.010309,1.7171465,3ISM
626,3ENT-model-100-neg_A_Z,4,15.992,27.954,0.0,1.7493616,3ENT
627,2Z0E-model-7-neg_A_Z,4,22.033,53.223,0.0,1.6366781,2Z0E
628,3CAM-model-3-neg_A_Z,4,11.290999999999999,21.136999999999997,0.068966,1.6713767,3CAM
629,3ZWL-model-1-pos_A_Z,1,0.14,0.29100000000000004,0.9523809999999999,-0.8070762,3ZWL
630,1R7A-model-1-pos_A_Z,1,0.204,0.932,0.901408,-1.8454696,1R7A
631,2O8Q-model-17-pos_A_Z,3,3.718,7.244,0.307692,0.11100066,2O8Q
632,1Y1K-model-10-neg_A_Z,4,14.772,41.223,0.0,1.9315728,1Y1K
633,2GD4-model-1-pos_A_Z,1,0.557,1.956,0.8888889999999999,-1.7552879,2GD4
634,1NU9-model-16-neg_A_Z,4,20.796999999999997,64.36,0.0,1.9145671,1NU9
635,4MSM-model-33-pos_A_Z,3,2.6239999999999997,7.684,0.326087,0.2667699,4MSM
636,2Z29-model-6-pos_A_Z,3,2.2840000000000003,9.041,0.4,-1.8683887,2Z29
637,2CCL-model-6-neg_A_Z,4,17.596,51.098,0.047619,1.1852579,2CCL
638,2ZCK-model-68-pos_A_Z,3,2.658,9.666,0.225806,1.6521215,2ZCK
639,3C8I-model-2-neg_A_Z,4,12.093,43.692,0.0,0.9094267,3C8I
640,3T3A-model-6-pos_A_Z,1,0.10400000000000001,0.322,1.0,-0.056628704,3T3A
641,1S1Q-model-1-pos_A_Z,1,0.19399999999999998,0.557,0.9047620000000001,0.087399006,1S1Q
642,2Z7F-model-94-neg_A_Z,4,9.94,34.349000000000004,0.0,1.9470388,2Z7F
643,1J3R-model-89-neg_A_Z,4,18.563,52.912,0.0,1.9450315,1J3R
644,4J2Y-model-81-neg_A_Z,4,20.142,66.38,0.0,1.9539186,4J2Y
645,1ERN-model-18-pos_A_Z,1,0.541,2.4930000000000003,0.77193,-0.7447276,1ERN
646,4L0P-model-10-neg_A_Z,4,18.942,38.381,0.0,1.9174883,4L0P
647,3ZWL-model-32-neg_A_Z,4,4.367,9.44,0.031745999999999996,1.9422462,3ZWL
648,2OTL-model-29-neg_A_Z,4,17.765,41.497,0.0,1.8997426,2OTL
649,1B3S-model-69-neg_A_Z,4,17.708,45.113,0.0,1.9288272,1B3S
650,1UHE-model-61-neg_A_Z,4,15.287,35.913000000000004,0.0,1.4670618,1UHE
651,3D4G-model-51-neg_A_Z,4,24.750999999999998,79.036,0.0,1.9616892,3D4G
652,1I4O-model-3-pos_A_Z,3,3.912,9.535,0.1875,0.90144694,1I4O
653,4BWQ-model-52-neg_A_Z,4,14.241,32.825,0.06383,1.9317932,4BWQ
654,2Z0E-model-29-pos_A_Z,3,1.91,5.22,0.340206,0.8599166,2Z0E
655,5B76-model-3-pos_A_Z,2,2.075,5.74,0.559322,0.19656289,5B76
656,1AN1-model-69-pos_A_Z,3,2.245,6.687,0.13559300000000002,1.3219275,1AN1
657,3BHD-model-56-neg_A_Z,4,22.883000000000003,47.111999999999995,0.0,1.9554322,3BHD
658,1GCQ-model-26-neg_A_Z,4,10.307,34.266,0.020408000000000003,1.1234652,1GCQ
659,1BO4-model-93-neg_A_Z,4,16.29,27.105999999999998,0.0,1.4962559,1BO4
660,3O2X-model-26-neg_A_Z,4,15.992,66.12100000000001,0.0,1.944073,3O2X
661,1VG9-model-4-neg_A_Z,4,24.541999999999998,50.26,0.0,1.9395053,1VG9
662,1TE1-model-13-pos_A_Z,2,1.3840000000000001,6.499,0.5,-1.7294154,1TE1
663,1C9S-model-22-neg_A_Z,4,15.272,32.639,0.0,0.04778385,1C9S
664,3QWN-model-56-neg_A_Z,4,14.898,49.967,0.054545,1.0243907,3QWN
665,4F0A-model-30-neg_A_Z,4,10.024,22.519000000000002,0.0,1.9043797,4F0A
666,1R0R-model-52-neg_A_Z,4,6.37,12.81,0.042857,1.9310169,1R0R
667,1UGH-model-17-neg_A_Z,4,16.272000000000002,37.051,0.0,1.8027643,1UGH
668,1FGL-model-47-pos_A_Z,3,3.406,10.142000000000001,0.325,0.9319304,1FGL
669,2XTJ-model-63-neg_A_Z,4,23.824,60.511,0.0,1.6623961,2XTJ
670,1XFS-model-44-neg_A_Z,4,18.387999999999998,57.626999999999995,0.0,1.9409884,1XFS
671,1PGL-model-2-pos_A_Z,2,1.557,3.2089999999999996,0.4375,-1.9108117,1PGL
672,1WZ3-model-60-neg_A_Z,4,15.107000000000001,29.765,0.0,1.8574294,1WZ3
673,5B75-model-2-pos_A_Z,2,1.9269999999999998,5.3629999999999995,0.539683,-1.3594258,5B75
674,1JTD-model-1-pos_A_Z,1,0.094,0.32799999999999996,0.9436620000000001,-1.3395475,1JTD
675,1TO1-model-17-pos_A_Z,2,1.656,5.785,0.507042,1.7443924,1TO1
676,3E2U-model-95-neg_A_Z,4,13.015999999999998,35.815,0.0,1.3182443,3E2U
677,1R0K-model-56-neg_A_Z,4,17.555999999999997,45.99,0.0,1.961471,1R0K
678,3KLQ-model-94-pos_A_Z,3,2.613,12.482000000000001,0.327586,1.9575983,3KLQ
679,2DOH-model-1-pos_A_Z,1,0.215,0.557,0.90625,-1.7602597,2DOH
680,2XB6-pos_A_C,1,0.0,0.0,1.0,1.6194468,2XB6
681,2VER-model-62-neg_A_Z,4,13.924000000000001,34.828,0.0,1.1840017,2VER
682,4AG2-model-9-pos_A_Z,3,2.004,5.3870000000000005,0.347826,-1.1315155,4AG2
683,3SM1-model-21-neg_A_Z,4,17.144000000000002,40.219,0.0,1.2921026,3SM1
684,2ETE-model-74-neg_A_Z,4,18.075,33.614000000000004,0.0,1.5629917,2ETE
685,1TM4-model-90-neg_A_Z,4,10.96,29.939,0.0,1.8791858,1TM4
686,3KLQ-model-43-neg_A_Z,4,15.5,45.466,0.0,1.9515071,3KLQ
687,1MZW-model-81-neg_A_Z,4,9.149,29.025,0.0,1.7736366,1MZW
688,3M5O-model-62-neg_A_Z,4,5.087,17.386,0.075,1.8150525,3M5O
689,1T8U-model-35-neg_A_Z,4,20.836,75.445,0.0,1.933117,1T8U
690,1G31-model-15-pos_A_Z,2,1.431,4.194,0.625,0.16480696,1G31
691,1DFJ-model-29-neg_A_Z,4,22.259,51.406000000000006,0.0,1.950616,1DFJ
692,1M1F-model-14-pos_A_Z,3,2.266,6.688,0.27957,0.9442218,1M1F
693,4TQ1-model-1-pos_A_Z,1,0.161,0.387,0.9146340000000001,-1.8924,4TQ1
694,2VPM-model-1-pos_A_Z,1,0.22899999999999998,0.856,0.964706,0.03555286,2VPM
695,3F5N-model-1-pos_A_Z,1,0.287,1.0590000000000002,0.91358,-0.47992623,3F5N
696,3DGP-model-46-pos_A_Z,3,3.6639999999999997,10.257,0.19403,1.0315597,3DGP
697,2JG8-model-1-pos_A_Z,1,0.28600000000000003,1.0659999999999998,0.848101,-0.45183933,2JG8
698,2B42-model-4-pos_A_Z,2,1.564,4.726,0.617978,-1.4496738,2B42
699,1OX9-model-21-neg_A_Z,4,4.486000000000001,12.324000000000002,0.046512,0.6701793,1OX9
700,4CPA-model-33-pos_A_Z,2,1.459,3.917,0.659574,0.124791384,4CPA
701,1WDX-model-63-neg_A_Z,4,8.889,17.464000000000002,0.0,1.271904,1WDX
702,3K3C-model-8-neg_A_Z,4,10.642999999999999,22.738000000000003,0.0074069999999999995,1.9359715,3K3C
703,3B08-model-48-pos_A_Z,3,2.924,6.468,0.351852,1.6199641,3B08
704,4F0A-model-1-pos_A_Z,1,0.2,0.514,0.977778,0.113288045,4F0A
705,3KQZ-model-1-pos_A_Z,1,0.205,0.46799999999999997,0.9139780000000001,-1.8332696,3KQZ
706,1JYI-model-85-pos_A_Z,3,3.6489999999999996,10.141,0.13333299999999998,1.0988082,1JYI
707,4DG4-model-23-neg_A_Z,4,16.745,52.333,0.0,1.9557483,4DG4
708,3OJ2-model-2-pos_A_Z,2,1.696,3.655,0.5257729999999999,-1.2592928,3OJ2
709,1H1V-model-72-neg_A_Z,4,33.732,89.111,0.0,1.9410022,1H1V
710,2PKG-pos_A_C,1,0.0,0.0,1.0,1.418315,2PKG
711,1Z5Y-model-76-neg_A_Z,4,15.309000000000001,49.28,0.018868,1.9285575,1Z5Y
712,1UP6-model-35-neg_A_Z,4,15.970999999999998,40.296,0.0,1.9469452,1UP6
713,2X53-model-18-pos_A_Z,3,2.103,11.41,0.443299,-1.3368238,2X53
714,4AYE-model-5-pos_A_Z,3,1.959,5.8629999999999995,0.450549,0.055572152,4AYE
715,1WQJ-model-7-neg_A_Z,4,9.776,31.743000000000002,0.0,1.9207077,1WQJ
716,3GRW-model-56-neg_A_Z,4,22.219,65.46300000000001,0.0,1.9126357,3GRW
717,1MK9-model-50-neg_A_Z,4,13.585,34.913000000000004,0.0,1.797294,1MK9
718,1LW6-model-33-neg_A_Z,4,14.264000000000001,42.461999999999996,0.0,-0.018422484,1LW6
719,3JZA-model-2-pos_A_Z,3,2.858,8.488999999999999,0.362205,1.8324206,3JZA
720,3D4G-pos_C_D,1,0.0,0.0,1.0,0.630741,3D4G
721,3WN7-model-78-neg_A_Z,4,14.704,40.395,0.0,1.9566236,3WN7
722,1ACB-model-48-neg_A_Z,4,19.043,54.669,0.0,1.12555,1ACB
723,3BIW-pos_A_E,1,0.0,0.0,1.0,-0.587842,3BIW
724,3PYY-model-51-neg_A_Z,4,16.822,40.774,0.0,1.9509525,3PYY
725,1Q1L-model-3-pos_A_Z,2,1.287,6.183,0.603604,-1.9040898,1Q1L
726,2JOD-model-4-pos_A_Z,3,3.03,7.16,0.227848,0.07650566,2JOD
727,3GZR-model-1-pos_A_Z,1,0.188,0.374,0.947368,-1.8582581,3GZR
728,2QLP-model-8-neg_A_Z,4,24.135,54.21,0.0,0.6033019,2QLP
729,3I2B-model-56-pos_A_Z,2,1.379,6.367999999999999,0.608696,-1.6385989,3I2B
730,2ZG6-model-40-pos_A_Z,3,3.605,6.282,0.192661,1.4757246,2ZG6
731,1F45-model-1-pos_A_Z,1,0.20199999999999999,0.473,0.9701489999999999,-1.5223545,1F45
732,2G2W-model-41-neg_A_Z,4,15.187999999999999,52.702,0.0,1.8953668,2G2W
733,2P46-model-1-pos_A_Z,1,0.21100000000000002,0.701,0.978261,0.035605073,2P46
734,3DA7-model-70-pos_A_Z,3,3.281,5.885,0.47169799999999995,-0.18895268,3DA7
735,1SHS-model-65-neg_A_Z,4,16.473,55.263999999999996,0.0,-0.5017115,1SHS
736,2VER-model-2-pos_A_Z,1,0.312,0.5670000000000001,0.949153,-0.021229506,2VER
737,2YVS-model-80-neg_A_Z,4,21.814,48.965,0.0,1.7151016,2YVS
738,2G2U-model-8-neg_A_Z,4,13.844000000000001,39.374,0.0,1.8544979,2G2U
739,4LLO-model-92-neg_A_Z,4,17.133,42.956,0.0,1.9508802,4LLO
740,3TII-model-1-pos_A_Z,1,0.518,3.948,0.9523809999999999,-0.66932076,3TII
741,1SHW-model-13-pos_A_Z,2,3.389,12.674000000000001,0.675676,0.054881096,1SHW
742,2X9M-model-19-neg_A_Z,4,24.725,59.777,0.0,1.8005023,2X9M
743,2P43-model-2-pos_A_Z,1,0.262,0.614,0.8913040000000001,-0.8646977,2P43
744,3K25-model-38-pos_A_Z,2,1.6369999999999998,8.955,0.545455,0.4486897,3K25
745,1XSQ-model-99-neg_A_Z,4,10.3,20.879,0.0,0.9131113,1XSQ
746,2ZG6-model-41-neg_A_Z,4,20.559,54.531000000000006,0.0,1.9423555,2ZG6
747,1J4U-model-96-pos_A_Z,3,3.472,12.538,0.3,0.4709226,1J4U
748,3EN0-model-1-pos_A_Z,1,0.12,0.349,0.973684,-1.9025723,3EN0
749,2OVI-model-51-pos_A_Z,3,2.681,5.795,0.311688,0.631675,2OVI
750,1KXJ-pos_A_B,1,0.0,0.0,1.0,1.3263235,1KXJ
751,3JUY-model-74-neg_A_Z,4,20.482,65.25,0.0,1.7594973,3JUY
752,3Q9U-model-79-neg_A_Z,4,6.546,20.987,0.14,1.7859478,3Q9U
753,3LM1-model-12-pos_A_Z,3,3.595,15.949000000000002,0.365854,1.0121846,3LM1
754,3JVZ-model-27-neg_A_Z,4,15.341,33.836999999999996,0.0,1.9558634,3JVZ
755,1DJS-model-1-pos_A_Z,1,0.141,0.28,0.942857,-1.5030675,1DJS
756,3QFM-model-66-pos_A_Z,3,3.9530000000000003,9.337,0.24166700000000002,1.2055756,3QFM
757,2C9P-model-18-neg_A_Z,4,10.388,42.068000000000005,0.0,1.909091,2C9P
758,3FD4-model-6-neg_A_Z,4,9.141,34.135,0.0,1.9396156,3FD4
759,3QC8-model-1-pos_A_Z,1,0.158,0.32799999999999996,0.9615379999999999,-1.0840484,3QC8
760,1S98-model-1-pos_A_Z,1,0.11800000000000001,0.22,0.972973,-1.7179266,1S98
761,3EMJ-model-2-pos_A_Z,1,0.275,0.759,0.909091,-0.1732707,3EMJ
762,3GNJ-model-100-pos_A_Z,3,3.9219999999999997,9.347000000000001,0.2,1.9330281,3GNJ
763,1YFN-model-90-neg_A_Z,4,13.448,35.192,0.0,1.9027005,1YFN
764,3P83-model-20-neg_A_Z,4,12.264000000000001,41.348,0.0,1.4694512,3P83
765,1FU5-model-48-neg_A_Z,4,8.052,24.77,0.0,1.4850882,1FU5
766,5JKE-model-31-neg_A_Z,4,19.224,66.152,0.0,1.9002295,5JKE
767,3QHY-model-69-neg_A_Z,4,19.37,55.543,0.0,1.6882052,3QHY
768,3DCA-model-67-neg_A_Z,4,18.976,45.297,0.054264,0.02143991,3DCA
769,3O34-pos_A_B,1,0.0,0.0,1.0,0.53025234,3O34
770,3HQR-model-1-pos_A_Z,1,0.10800000000000001,0.327,0.979381,-1.8998576,3HQR
771,3H9G-model-49-pos_A_Z,3,2.8080000000000003,10.519,0.225,0.8267141,3H9G
772,1Y3C-model-75-neg_A_Z,4,11.866,33.296,0.0,1.8442609,1Y3C
773,5JKE-model-5-pos_A_Z,2,1.3619999999999999,6.067,0.714286,-0.28203917,5JKE
774,1R0K-model-23-pos_A_Z,3,2.259,7.472,0.296552,-0.9405792,1R0K
775,2Q81-model-24-pos_A_Z,3,1.578,6.155,0.410714,0.9152535,2Q81
776,3LHX-model-43-neg_A_Z,4,21.629,56.483999999999995,0.0,1.9187285,3LHX
777,1RZJ-model-1-pos_A_Z,1,0.301,1.524,0.8554219999999999,-1.3891613,1RZJ
778,4AOR-model-50-pos_A_Z,3,2.991,8.997,0.225352,0.032344937,4AOR
779,3K4W-model-27-pos_A_Z,2,1.376,4.755,0.47887299999999994,1.5956388,3K4W
780,4BQD-model-29-neg_A_Z,4,12.807,32.551,0.0,1.9475787,4BQD
781,3BCW-model-100-neg_A_Z,4,16.160999999999998,36.214,0.0,1.2945405,3BCW
782,1KXJ-model-98-neg_A_Z,4,14.157,48.368,0.0,1.8665185,1KXJ
783,1MAS-model-1-pos_A_Z,1,0.39799999999999996,0.9520000000000001,0.921875,-1.1942972,1MAS
784,3DCA-model-1-pos_A_Z,1,0.175,0.392,0.9922479999999999,-1.9021451,3DCA
785,3S9C-model-40-pos_A_Z,3,2.888,11.302999999999999,0.13333299999999998,1.4128321,3S9C
786,1AGQ-model-46-neg_A_Z,4,18.156,46.83,0.0,0.44351792,1AGQ
787,3ZRZ-model-50-neg_A_Z,4,15.375,37.075,0.0,1.9305943,3ZRZ
788,1T0H-model-8-pos_A_Z,3,2.3280000000000003,6.135,0.483333,0.04793465,1T0H
789,2ANE-model-1-pos_A_Z,1,0.131,0.253,0.9571430000000001,-1.0252393,2ANE
790,1W1I-model-28-neg_A_Z,4,39.828,99.516,0.0,1.9554139,1W1I
791,2HVB-model-99-neg_A_Z,4,16.723,25.153000000000002,0.0,1.9388709,2HVB
792,2R9P-model-3-pos_A_Z,2,1.061,4.8660000000000005,0.766667,-1.0547655,2R9P
793,3TSZ-model-11-pos_A_Z,3,2.8510000000000004,9.629,0.164179,0.9475161,3TSZ
794,4J2Y-model-1-pos_A_Z,1,0.191,0.48,0.9756100000000001,-1.9176143,4J2Y
795,3BHD-model-1-pos_A_Z,1,0.08199999999999999,0.091,0.979167,-1.7204927,3BHD
796,2HJ1-model-29-neg_A_Z,4,15.297,30.53,0.0,1.9617428,2HJ1
797,3V4P-model-30-neg_A_Z,4,14.55,78.188,0.0,1.9463565,3V4P
798,3BT1-model-17-neg_A_Z,4,11.537,35.650999999999996,0.027027,1.6929165,3BT1
799,1TZS-model-81-pos_A_Z,3,2.122,7.218,0.27118600000000004,0.5824734,1TZS
800,1T8U-model-1-pos_A_Z,1,0.142,0.295,0.955357,-1.7333658,1T8U
801,2P42-model-77-neg_A_Z,4,16.224,47.516999999999996,0.0,1.894261,2P42
802,1F7Z-model-20-pos_A_Z,3,3.903,12.731,0.10169500000000001,1.4983225,1F7Z
803,2P48-model-91-neg_A_Z,4,13.728,53.358000000000004,0.0,1.9284046,2P48
804,1TM3-model-53-neg_A_Z,4,12.754000000000001,34.461,0.0,1.9610575,1TM3
805,2P6B-model-3-neg_A_Z,4,10.215,27.943,0.08,0.030468702,2P6B
806,1VGO-pos_A_B,1,0.0,0.0,1.0,1.9199257,1VGO
807,1MR1-model-73-neg_A_Z,4,20.372,52.613,0.0,1.0225294,1MR1
808,1HPU-model-2-pos_A_Z,1,0.369,1.6909999999999998,0.917808,1.8251162,1HPU
809,3QWQ-model-20-neg_A_Z,4,18.027,38.717,0.0,1.9571398,3QWQ
810,1ZJD-model-84-neg_A_Z,4,14.975999999999999,47.751000000000005,0.0,0.7694767,1ZJD
811,3VPJ-model-39-neg_A_Z,4,15.102,23.484,0.011765000000000001,1.8010672,3VPJ
812,1ARZ-model-95-neg_A_Z,4,26.168000000000003,68.90899999999999,0.0,1.8978252,1ARZ
813,1F2U-model-2-pos_A_Z,3,2.895,7.928,0.453416,-1.7072288,1F2U
814,4KBB-model-16-pos_A_Z,3,2.878,7.274,0.27026999999999995,0.02363789,4KBB
815,1OS2-model-100-neg_A_Z,4,18.844,68.459,0.0,1.9233164,1OS2
816,3HPN-model-26-neg_A_Z,4,18.678,69.58800000000001,0.0,1.7768157,3HPN
817,2R5O-model-1-pos_A_Z,1,0.174,0.446,0.9507040000000001,-1.9172733,2R5O
818,1UM2-model-61-pos_A_Z,3,1.8780000000000001,6.3260000000000005,0.294118,1.3261998,1UM2
819,1ML0-model-16-pos_A_Z,1,0.057,0.174,0.977273,-1.1008132,1ML0
820,3DGP-model-9-neg_A_Z,4,14.998,39.555,0.0,1.830524,3DGP
821,2PKG-model-91-neg_A_Z,4,17.182000000000002,43.903999999999996,0.0,1.9498286,2PKG
822,2HL3-model-1-pos_A_Z,1,0.138,0.272,0.9790209999999999,-1.8632549,2HL3
823,1SHW-model-40-neg_A_Z,4,19.764,43.718999999999994,0.0,1.9543186,1SHW
824,1LK6-model-14-neg_A_Z,4,7.872000000000001,35.164,0.0,0.76645863,1LK6
825,1YFN-model-97-pos_A_Z,3,2.2640000000000002,5.848,0.18,1.072972,1YFN
826,1KAC-model-1-pos_A_Z,1,0.289,0.85,1.0,-1.5517169,1KAC
827,3DSN-model-1-pos_A_Z,1,0.242,0.517,0.947917,-1.6326152,3DSN
828,1MK9-model-2-pos_A_Z,1,0.243,0.557,0.85,1.1864151,1MK9
829,1DML-model-99-pos_A_Z,3,4.296,9.414,0.108696,1.7949271,1DML
830,1C9P-model-82-neg_A_Z,4,9.979,28.555,0.0,1.1557243,1C9P
831,3OZB-model-51-neg_A_Z,4,15.493,28.11,0.012657999999999999,1.7637748,3OZB
832,2A0S-model-25-pos_A_Z,3,2.807,8.757,0.274725,-0.27839518,2A0S
833,4KRL-model-7-neg_A_Z,4,20.218,39.387,0.0,1.9173125,4KRL
834,1XV2-model-50-pos_A_Z,3,2.792,5.747000000000001,0.26881700000000003,-1.1595273,1XV2
835,1KL8-model-8-neg_A_Z,4,9.773,27.009,0.0,0.988854,1KL8
836,1TAW-model-20-pos_A_Z,2,1.528,6.037000000000001,0.609375,0.00080537796,1TAW
837,2HQL-model-1-pos_A_Z,1,0.19899999999999998,0.42,0.9391299999999999,-1.8770016,2HQL
838,1F37-model-67-neg_A_Z,4,10.273,18.861,0.015152,1.5932583,1F37
839,2WAM-model-2-pos_A_Z,1,0.149,0.376,0.967033,-1.7171422,2WAM
840,1C3X-model-97-neg_A_Z,4,18.064,70.85300000000001,0.0,1.92777,1C3X
841,1SCE-model-29-neg_A_Z,4,16.147000000000002,37.325,0.0,1.2659816,1SCE
842,3RDZ-model-1-pos_A_Z,1,0.281,1.04,0.9384620000000001,-0.059432387,3RDZ
843,2P44-model-91-neg_A_Z,4,18.708,51.016000000000005,0.0,1.9458115,2P44
844,2HEY-model-72-neg_A_Z,4,15.484000000000002,54.27,0.0,1.9647049,2HEY
845,1TM4-model-93-pos_A_Z,3,1.683,5.915,0.41176499999999994,0.0012431145,1TM4
846,1ARZ-model-24-pos_A_Z,3,3.5639999999999996,5.377999999999999,0.175,0.7888703,1ARZ
847,1SMO-model-83-neg_A_Z,4,12.78,44.299,0.0,1.9401164,1SMO
848,4LQW-model-52-neg_A_Z,4,16.430999999999997,48.372,0.0,1.9187597,4LQW
849,1L4Z-model-26-neg_A_Z,4,13.085,39.606,0.0625,1.8464907,1L4Z
850,1PVH-model-1-pos_A_Z,1,0.124,0.244,0.938776,1.0131189,1PVH
851,1G60-model-1-pos_A_Z,1,0.156,0.435,0.929688,-1.8926337,1G60
852,2IQH-model-9-neg_A_Z,4,26.565,83.89,0.0,1.9613681,2IQH
853,1Q8M-model-7-pos_A_Z,3,3.938,11.508,0.178571,1.2771708,1Q8M
854,1BRS-model-68-neg_A_Z,4,17.647000000000002,45.998000000000005,0.0,1.9602433,1BRS
855,1Q5H-model-51-neg_A_Z,4,22.833000000000002,49.327,0.0,1.6461399,1Q5H
856,2ZVW-model-10-pos_A_Z,3,3.9160000000000004,19.843,0.42222200000000004,0.671632,2ZVW
857,2X89-model-83-neg_A_Z,4,16.005,24.576,0.0,1.7679421,2X89
858,1F5R-model-77-neg_A_Z,4,17.236,50.647,0.0,1.9514295,1F5R
859,1P9U-model-3-pos_A_Z,1,0.38799999999999996,1.4880000000000002,0.902439,0.34368706,1P9U
860,3BN3-model-3-pos_A_Z,1,0.789,3.693,0.7735850000000001,0.8542094,3BN3
861,3K9M-model-1-pos_A_Z,1,0.295,1.0390000000000001,0.9215690000000001,-1.4163002,3K9M
862,4AOR-model-65-neg_A_Z,4,14.454,39.411,0.0,1.5697694,4AOR
863,2DPF-model-2-pos_A_Z,2,2.553,6.859,0.504854,-1.007597,2DPF
864,4LYL-model-86-neg_A_Z,4,17.331,40.095,0.0,1.9391695,4LYL
865,4CMM-model-5-neg_A_Z,4,16.38,56.216,0.0,1.9371507,4CMM
866,4AFZ-model-34-pos_A_Z,3,3.23,10.579,0.45,0.2660011,4AFZ
867,1VZY-model-1-pos_A_Z,1,0.14400000000000002,0.309,0.873418,-0.54500985,1VZY
868,2B3Z-model-99-neg_A_Z,4,19.734,59.409,0.0,1.6609981,2B3Z
869,2W2N-model-3-pos_A_Z,1,0.21899999999999997,0.76,0.9523809999999999,-0.71546435,2W2N
870,1TM5-model-9-pos_A_Z,2,1.585,5.462999999999999,0.5,-0.017086983,1TM5
871,2VE6-model-20-neg_A_Z,4,25.505,50.093,0.0,0.55399907,2VE6
872,3B08-model-28-neg_A_Z,4,13.911,22.535,0.0,1.8976984,3B08
873,3AFF-model-61-neg_A_Z,4,22.419,81.44800000000001,0.0,1.9402887,3AFF
874,3FJS-model-24-pos_A_Z,3,4.689,8.884,0.175439,0.964629,3FJS
875,1YY9-pos_A_D,1,0.0,0.0,1.0,-0.836525,1YY9
876,1X1U-model-3-pos_A_Z,3,1.5730000000000002,5.814,0.48214300000000004,-1.1275908,1X1U
877,2Z8M-model-91-neg_A_Z,4,10.264000000000001,28.372,0.05,1.9431658,2Z8M
878,1JIW-model-1-pos_A_Z,1,0.201,0.473,0.9125,-1.8185551,1JIW
879,4EIG-model-92-neg_A_Z,4,18.598,50.268,0.0,1.5012798,4EIG
880,3O9L-model-2-pos_A_Z,2,1.969,5.309,0.6233770000000001,-1.9118364,3O9L
881,2A6P-model-17-pos_A_Z,2,1.608,2.54,0.48529399999999995,0.5178088,2A6P
882,1A79-model-2-pos_A_Z,1,0.192,0.45899999999999996,0.934211,-0.00042295456,1A79
883,5D3I-model-71-neg_A_Z,4,16.585,74.47800000000001,0.0,1.8988878,5D3I
884,3PRP-model-6-pos_A_Z,3,2.133,5.273,0.3375,0.11479449,3PRP
885,3CEW-model-51-neg_A_Z,4,17.258,27.503,0.004739,1.7538682,3CEW
886,1Z5Y-model-1-pos_A_Z,1,0.19,0.396,0.886792,-0.6839124,1Z5Y
887,2A2L-model-3-pos_A_Z,2,1.8,6.505,0.693333,0.18804431,2A2L
888,1R0R-model-1-pos_A_Z,1,0.174,0.536,0.942857,-1.7609062,1R0R
889,2TGP-model-78-neg_A_Z,4,13.872,42.229,0.0,1.950428,2TGP
890,4G6U-model-12-pos_A_Z,3,1.375,5.1579999999999995,0.458333,-0.75551486,4G6U
891,3P8B-model-71-neg_A_Z,4,15.645,35.805,0.0,1.7438223,3P8B
892,2IJ0-model-1-pos_A_Z,1,0.3,0.655,0.873016,-0.03111124,2IJ0
893,1W1I-model-17-pos_A_Z,1,0.32899999999999996,1.186,0.909091,1.918238,1W1I
894,3PIG-model-1-pos_A_Z,1,0.131,0.284,0.8909090000000001,-1.6284584,3PIG
895,2PNH-model-25-neg_A_Z,4,16.38,32.547,0.029126,1.0834138,2PNH
896,4NZW-model-44-pos_A_Z,2,1.475,8.26,0.645161,-0.8859042,4NZW
897,1DEV-model-99-neg_A_Z,4,17.122,40.489000000000004,0.0,1.4865592,1DEV
898,4CDK-model-2-pos_A_Z,2,1.6969999999999998,6.321000000000001,0.597222,-0.022043943,4CDK
899,1EZI-model-88-neg_A_Z,4,11.238,29.221999999999998,0.0,1.663061,1EZI
900,2YYS-model-99-neg_A_Z,4,15.999,66.12,0.0,1.9175912,2YYS
901,4U30-model-61-neg_A_Z,4,5.904,15.466,0.0,1.9460515,4U30
902,3EDP-model-5-pos_A_Z,2,1.545,6.487,0.513889,-1.4709989,3EDP
903,2P5X-model-1-pos_A_Z,1,0.22,0.747,0.935484,-1.7961242,2P5X
904,3SLH-model-35-neg_A_Z,4,16.429000000000002,57.748999999999995,0.0,1.9615989,3SLH
905,1SCE-model-1-pos_A_Z,1,0.039,0.078,0.993289,-1.5696986,1SCE
906,2HD3-model-45-neg_A_Z,4,7.187,11.93,0.163934,0.8617827,2HD3
907,1OX9-model-22-pos_A_Z,3,2.6439999999999997,7.531000000000001,0.232558,0.99357957,1OX9
908,2DSP-model-77-neg_A_Z,4,13.079,32.13,0.0,1.8320258,2DSP
909,1JIW-model-17-neg_A_Z,4,14.386,37.309,0.0,1.3178651,1JIW
910,2ZCK-model-29-neg_A_Z,4,9.083,37.129,0.0,1.0902255,2ZCK
911,3WN7-model-19-pos_A_Z,3,2.025,5.428999999999999,0.294118,-0.99146146,3WN7
912,3V96-model-7-pos_A_Z,3,2.4419999999999997,6.162999999999999,0.416667,1.8839154,3V96
913,3OKJ-model-2-pos_A_Z,2,3.303,4.406000000000001,0.677778,-1.7315568,3OKJ
914,3Q9U-model-2-pos_A_Z,2,1.3319999999999999,5.372000000000001,0.5,0.03931296,3Q9U
915,2RA3-model-84-neg_A_Z,4,5.251,14.067,0.015872999999999998,1.9475356,2RA3
916,1Y4D-model-2-pos_A_Z,2,1.53,5.6160000000000005,0.583333,-1.8239585,1Y4D
917,1F37-model-2-pos_A_Z,3,2.569,6.156000000000001,0.43939399999999995,0.0221169,1F37
918,2P4R-model-12-neg_A_Z,4,10.27,25.858,0.0,1.4429739,2P4R
919,1DB2-model-73-neg_A_Z,4,23.500999999999998,70.362,0.0,-0.24611235,1DB2
920,3EYD-model-7-pos_A_Z,3,3.7110000000000003,10.892999999999999,0.164179,0.30613172,3EYD
921,3BTV-model-3-pos_A_Z,2,1.507,5.1160000000000005,0.594595,-1.4481239,3BTV
922,4WEN-model-1-pos_A_Z,1,0.20800000000000002,0.612,0.931818,-1.6375567,4WEN
923,1RY7-model-27-neg_A_Z,4,20.11,44.786,0.010204000000000001,1.7762744,1RY7
924,1CGI-model-7-pos_A_Z,2,1.749,5.449,0.552941,-0.90603304,1CGI
925,3AXY-model-55-neg_A_Z,4,22.414,59.153,0.0,1.9461371,3AXY
926,1NQL-model-9-neg_A_Z,4,17.207,35.236999999999995,0.0,1.5742295,1NQL
927,5IOH-model-1-pos_A_Z,1,0.121,0.281,0.955556,0.9049922,5IOH
928,3JZA-model-62-neg_A_Z,4,18.910999999999998,57.409,0.0,1.9414878,3JZA
929,5D1L-model-12-neg_A_Z,4,15.869000000000002,42.018,0.0,1.9219692,5D1L
930,3SM1-model-1-pos_A_Z,1,0.158,0.311,0.921053,-1.8714252,3SM1
931,2Q81-model-76-neg_A_Z,4,13.612,55.451,0.0,1.5273995,2Q81
932,1HBT-model-14-neg_A_Z,4,6.767,22.146,0.0,0.69274575,1HBT
933,2TGP-model-2-pos_A_Z,1,0.993,4.598,0.6875,-1.8709022,2TGP
934,2V52-model-77-neg_A_Z,4,21.081,51.886,0.0,1.8717959,2V52
935,2P4Z-model-23-neg_A_Z,4,22.656,50.631,0.0,1.8277427,2P4Z
936,1S4C-model-46-neg_A_Z,4,9.141,22.095,0.0,1.6466079,1S4C
937,5G1X-model-26-neg_A_Z,4,10.242,26.621,0.033333,0.5281544,5G1X
938,2PO2-model-24-neg_A_Z,4,21.691999999999997,69.69,0.0,1.4877032,2PO2
939,3CAM-model-1-pos_A_Z,1,0.147,0.297,0.9712639999999999,-1.9049805,3CAM
940,4CMM-model-1-pos_A_Z,1,0.131,0.268,0.9701489999999999,-1.8267776,4CMM
941,1C3X-model-1-pos_A_Z,1,0.162,0.45799999999999996,0.935484,0.022274852,1C3X
942,3JRQ-model-60-neg_A_Z,4,18.656,41.378,0.0,0.82554495,3JRQ
943,2C7E-model-2-pos_A_Z,2,1.805,4.37,0.766667,-1.4335558,2C7E
944,3PPE-model-47-neg_A_Z,4,11.647,30.781,0.0,1.9495395,3PPE
945,2PQS-model-90-neg_A_Z,4,20.808000000000003,52.50899999999999,0.0,1.9084812,2PQS
946,1MZW-model-1-pos_A_Z,1,0.262,0.754,0.9487180000000001,-1.0242921,1MZW
947,3OJM-model-91-pos_A_Z,3,2.089,3.7119999999999997,0.34821399999999997,1.588376,3OJM
948,2HTB-pos_C_D,1,0.0,0.0,1.0,-0.08450508,2HTB
949,1JNP-pos_A_B,1,0.0,0.0,1.0,0.83810323,1JNP
950,4NZL-model-90-neg_A_Z,4,13.837,24.683000000000003,0.0,1.9500501,4NZL
951,3QFM-model-93-neg_A_Z,4,17.702,63.849,0.0,1.9487096,3QFM
952,2PQV-model-1-pos_A_Z,1,0.146,0.287,0.96875,-1.9032654,2PQV
953,4BD9-model-9-neg_A_Z,4,22.279,65.007,0.0,1.6456866,4BD9
954,2XTJ-model-2-pos_A_Z,1,0.204,0.7340000000000001,0.86,-0.3749615,2XTJ
955,1R9N-model-51-neg_A_Z,4,2.66,12.572000000000001,0.025,0.11153996,1R9N
956,3TL8-model-23-neg_A_Z,4,12.415999999999999,23.558000000000003,0.0,1.7357178,3TL8
957,3BWU-model-16-pos_A_Z,3,3.447,5.86,0.333333,-1.4500688,3BWU
958,3PGA-model-6-pos_A_Z,2,1.214,5.728,0.613333,1.0747099,3PGA
959,3MAL-model-19-neg_A_Z,4,26.761,68.755,0.0,1.2593648,3MAL
960,1WDX-model-32-pos_A_Z,3,2.9010000000000002,7.273,0.28571399999999997,0.7208588,1WDX
961,3N4I-model-90-neg_A_Z,4,15.838,51.56100000000001,0.0,1.9529337,3N4I
962,1PVH-model-15-neg_A_Z,4,15.467,28.261999999999997,0.020408000000000003,1.4266545,1PVH
963,4FZA-model-71-neg_A_Z,4,16.544,40.551,0.0,1.8661417,4FZA
964,1LDT-model-1-pos_A_Z,1,0.239,0.664,0.949153,-1.7388785,1LDT
965,4AYI-model-65-neg_A_Z,4,19.551,37.028,0.0,1.4249386,4AYI
966,1PBI-model-1-pos_A_Z,1,0.32799999999999996,0.715,0.96875,-1.8115247,1PBI
967,2OIN-model-86-neg_A_Z,4,12.66,37.046,0.0,1.4826432,2OIN
968,1BJR-model-29-neg_A_Z,4,3.465,12.720999999999998,0.086957,0.7455908,1BJR
969,1OSM-model-73-neg_A_Z,4,31.111,85.684,0.0,1.5273515,1OSM
970,4LYL-model-1-pos_A_Z,1,0.11900000000000001,0.259,0.986842,-1.8690088,4LYL
971,5JLV-model-68-pos_A_Z,2,2.127,5.38,0.6,0.70348245,5JLV
972,2H5K-model-15-neg_A_Z,4,23.445999999999998,36.76,0.0,1.9149135,2H5K
973,2GEF-model-1-pos_A_Z,1,0.187,0.7040000000000001,0.9435479999999999,-1.8350403,2GEF
974,3QWQ-model-5-pos_A_Z,1,0.254,0.47600000000000003,0.956522,0.35319865,3QWQ
975,2FDB-model-1-pos_A_Z,1,0.201,0.42100000000000004,0.9357139999999999,-1.8015532,2FDB
976,4WEM-model-1-pos_A_Z,1,0.14300000000000002,0.322,0.925926,-1.6541417,4WEM
977,3M5O-model-1-pos_A_Z,1,0.16699999999999998,0.574,0.925,0.0141893625,3M5O
978,2JG8-model-3-neg_A_Z,4,16.628,30.301,0.025315999999999998,0.05618584,2JG8
979,1NQ9-model-92-pos_A_Z,3,2.7230000000000003,17.612000000000002,0.269841,1.292999,1NQ9
980,1ZH8-model-10-neg_A_Z,4,35.383,89.35700000000001,0.0,1.0018642,1ZH8
981,3OSL-model-1-pos_A_Z,1,0.322,0.836,0.9240510000000001,-1.294491,3OSL
982,2HAX-model-26-neg_A_Z,4,14.177999999999999,26.432,0.0,1.492882,2HAX
983,3D1M-model-84-neg_A_Z,4,14.897,42.26,0.0,1.9185787,3D1M
984,4QZV-model-3-pos_A_Z,1,0.172,0.307,0.8688520000000001,-0.28682852,4QZV
985,2DOI-model-2-neg_A_Z,4,20.403,58.648,0.0,0.3843801,2DOI
986,1UHE-model-5-pos_A_Z,2,1.895,4.85,0.56391,-1.8848281,1UHE
987,3C0B-model-83-pos_A_Z,3,3.093,12.422,0.325581,0.09738505,3C0B
988,2P43-model-28-neg_A_Z,4,17.607,52.076,0.0,1.9565749,2P43
989,2CH8-model-21-neg_A_Z,4,21.395,52.183,0.0,1.9473008,2CH8
990,5F3X-model-66-pos_A_Z,3,3.2489999999999997,12.38,0.268293,0.52993107,5F3X
991,3BGL-model-9-neg_A_Z,4,26.739,56.535,0.0,-0.016119123,3BGL
992,1O9Y-model-8-neg_A_Z,4,12.448,23.605999999999998,0.063218,1.3978302,1O9Y
993,1IGU-model-28-neg_A_Z,4,5.035,11.784,0.125,1.9462527,1IGU
994,2AQX-model-1-pos_A_Z,1,0.179,0.609,0.9181819999999999,-0.10544753,2AQX
995,4IOP-model-89-pos_A_Z,3,3.185,8.105,0.184615,1.9416009,4IOP
996,1SHY-model-59-pos_A_Z,2,2.775,6.443,0.5,0.93522334,1SHY
997,1LW6-model-99-pos_A_Z,3,2.923,6.409,0.15492999999999998,1.7992443,1LW6
998,3C7T-model-3-pos_A_Z,1,0.2,0.544,0.9436620000000001,0.13735592,3C7T
999,3CHW-model-84-neg_A_Z,4,20.768,63.538999999999994,0.0,1.9308912,3CHW
1000,2PUY-model-1-pos_A_Z,1,0.243,0.7040000000000001,0.972973,1.4378731,2PUY
1001,3AXY-model-5-pos_A_Z,1,0.261,0.889,0.942857,0.46303642,3AXY
1002,1XWD-model-1-pos_A_Z,1,0.17800000000000002,0.39299999999999996,0.9625,-1.8824638,1XWD
1003,3CEW-model-1-pos_A_Z,1,0.039,0.08,1.0,-1.8926543,3CEW
1004,1JFM-pos_E_D,1,0.0,0.0,1.0,1.8687174,1JFM
1005,1F7Z-model-36-neg_A_Z,4,8.552,18.673,0.0,0.8301508,1F7Z
1006,3BIW-model-17-neg_A_Z,4,22.026,50.383,0.0,1.8631369,3BIW
1007,2QBX-model-80-pos_A_Z,3,3.9619999999999997,12.868,0.10526300000000001,1.2499439,2QBX
1008,4AYD-model-1-pos_A_Z,1,0.155,0.47600000000000003,0.987654,-1.8137774,4AYD
1009,2WQ4-model-31-neg_A_Z,4,20.009,42.82,0.0,1.5596436,2WQ4
1010,2BUJ-model-9-neg_A_Z,4,31.763,87.429,0.0,0.94311017,2BUJ
1011,1L4Z-model-2-pos_A_Z,1,0.147,0.7140000000000001,1.0,-0.07955527,1L4Z
1012,1AVX-model-78-neg_A_Z,4,12.622,25.695999999999998,0.0,1.8825402,1AVX
1013,1NQL-model-2-pos_A_Z,1,0.596,1.197,0.803571,0.010641813,1NQL
1014,3TDM-model-87-neg_A_Z,4,20.089000000000002,40.658,0.0,1.8740646,3TDM
1015,1IYJ-model-1-pos_A_Z,1,0.139,0.355,0.972678,-1.831907,1IYJ
1016,3HN6-model-34-pos_A_Z,2,1.814,4.328,0.520548,1.865559,3HN6
1017,1WQJ-model-4-pos_A_Z,2,1.145,5.425,0.681818,-0.75573325,1WQJ
1018,3GMW-model-49-neg_A_Z,4,15.389000000000001,33.978,0.0,1.954798,3GMW
1019,4B1X-model-34-pos_A_Z,3,2.245,5.372000000000001,0.338983,0.25939846,4B1X
1020,3CJX-model-35-neg_A_Z,4,14.592,48.037,0.0,0.7861771,3CJX
1021,2GEF-model-8-neg_A_Z,4,12.745999999999999,41.556000000000004,0.120968,0.90151346,2GEF
1022,1X1Y-model-37-neg_A_Z,4,11.520999999999999,18.596,0.019608,1.8735181,1X1Y
1023,3BWU-model-17-neg_A_Z,4,19.016,50.983000000000004,0.0,1.9606643,3BWU
1024,3EN0-model-64-neg_A_Z,4,12.738,26.921999999999997,0.026316000000000003,1.9423147,3EN0
1025,1L0A-model-1-pos_A_Z,1,0.214,0.606,0.905882,-1.8489923,1L0A
1026,3GZ8-model-36-pos_A_Z,3,5.24,9.305,0.125,1.914708,3GZ8
1027,3SJ9-model-1-pos_A_Z,1,0.187,0.633,0.8863639999999999,0.046019673,3SJ9
1028,3AJY-model-10-neg_A_Z,4,17.483,58.669,0.0,1.9351494,3AJY
1029,3NEK-model-83-pos_A_Z,3,3.22,8.804,0.189655,0.8173139,3NEK
1030,3ECY-model-12-neg_A_Z,4,17.187,39.266,0.0,1.038943,3ECY
1031,1CGI-model-16-neg_A_Z,4,10.349,21.072,0.0,1.9526058,1CGI
1032,1BPO-model-19-neg_A_Z,4,15.839,50.244,0.0,1.8692937,1BPO
1033,2QC1-model-17-neg_A_Z,4,14.38,44.18899999999999,0.0,1.9669428,2QC1
1034,1WOQ-model-2-pos_A_Z,2,2.108,5.724,0.532468,-1.2194581,1WOQ
1035,3LHX-model-1-pos_A_Z,1,0.12,0.475,0.9361700000000001,-1.5734575,3LHX
1036,1FY8-model-10-neg_A_Z,4,9.336,31.34,0.0,1.9408978,1FY8
1037,2IO1-model-44-neg_A_Z,4,4.879,8.805,0.08046,1.6681104,2IO1
1038,1HAA-model-7-pos_A_Z,3,3.023,6.946000000000001,0.26087,1.1084812,1HAA
1039,2AXW-model-1-pos_A_Z,1,0.057999999999999996,0.15,0.9882350000000001,-1.8041431,2AXW
1040,1UDI-model-81-pos_A_Z,3,4.085,8.118,0.16,0.87700844,1UDI
1041,3QNA-model-1-pos_A_Z,1,0.218,0.57,0.920635,-1.8018076,3QNA
1042,1DFJ-model-1-pos_A_Z,1,0.25,0.556,0.9589040000000001,-1.7006698,1DFJ
1043,1ZJD-model-4-pos_A_Z,2,1.598,6.4079999999999995,0.555556,-1.2452183,1ZJD
1044,4IOP-model-49-neg_A_Z,4,15.068,44.478,0.0,1.8611145,4IOP
1045,1NU9-model-10-pos_A_Z,3,3.1710000000000003,9.895,0.274809,-0.39967167,1NU9
1046,4AYD-model-79-neg_A_Z,4,17.887,45.065,0.0,1.9259579,4AYD
1047,4CJ0-model-49-neg_A_Z,4,18.562,59.713,0.0,1.8528055,4CJ0
1048,1DLE-model-17-neg_A_Z,4,13.323,39.902,0.0,1.4991835,1DLE
1049,2FDB-model-74-neg_A_Z,4,16.654,41.77,0.0,0.9488819,2FDB
1050,3UZP-model-2-pos_A_Z,1,0.701,4.797,0.917808,-1.158333,3UZP
1051,2KAI-model-45-neg_A_Z,4,9.966000000000001,19.85,0.0,0.5788504,2KAI
1052,2GT2-model-66-pos_A_Z,3,3.905,10.2,0.103774,1.4858255,2GT2
1053,1INN-model-17-neg_A_Z,4,13.966,37.763000000000005,0.006993000000000001,1.948116,1INN
1054,1DN2-model-55-neg_A_Z,4,13.659,34.799,0.0,1.1988791,1DN2
1055,4AFQ-model-3-pos_A_Z,2,1.818,5.612,0.507692,-1.8792979,4AFQ
1056,2R0K-model-66-neg_A_Z,4,25.085,59.992,0.0,1.4475104,2R0K
1057,1AHS-model-68-neg_A_Z,4,14.975,48.843,0.0,1.7362838,1AHS
1058,1ZH8-model-6-pos_A_Z,3,3.906,12.919,0.266667,0.010248899,1ZH8
1059,1QB3-model-1-pos_A_Z,1,0.046,0.10800000000000001,0.9940479999999999,-1.7707113,1QB3
1060,1Q8M-model-27-neg_A_Z,4,9.424,26.788,0.0,1.9475895,1Q8M
1061,3ME4-model-10-neg_A_Z,4,15.995,36.469,0.0,1.8812604,3ME4
1062,4B1V-model-9-pos_A_Z,3,3.28,7.601,0.122807,1.8471942,4B1V
1063,2V52-model-1-pos_A_Z,1,0.184,0.444,0.934426,-1.9020967,2V52
1064,2X89-model-17-pos_A_Z,3,2.131,5.399,0.378641,-0.08602071,2X89
1065,1ICF-model-51-pos_A_Z,3,3.292,8.71,0.265823,0.5698786,1ICF
1066,1RZJ-model-10-neg_A_Z,4,13.41,42.61600000000001,0.0,1.9493084,1RZJ
1067,2DP4-model-22-neg_A_Z,4,2.59,8.871,0.0,1.6966369,2DP4
1068,3HLN-model-6-pos_A_Z,2,1.646,5.821000000000001,0.606061,0.055637598,3HLN
1069,2QW7-model-6-pos_A_Z,3,2.4290000000000003,7.449,0.402062,0.04878235,2QW7
1070,2XFG-model-26-neg_A_Z,4,23.392,84.64399999999999,0.0,0.49623132,2XFG
1071,2HQL-model-6-neg_A_Z,4,17.333,41.891000000000005,0.0,1.9225177,2HQL
1072,4TQ0-model-48-neg_A_Z,4,22.961,50.865,0.0,1.035887,4TQ0
1073,4B1Y-model-4-neg_A_Z,4,18.892,51.525,0.0,1.9133303,4B1Y
1074,1P3H-model-56-pos_A_Z,3,4.152,9.32,0.294118,0.025212765,1P3H
1075,3F5N-model-18-neg_A_Z,4,18.24,89.154,0.0,1.4634433,3F5N
1076,2GS7-model-3-pos_A_Z,2,1.179,4.72,0.6617649999999999,1.0589302,2GS7
1077,3NTQ-model-83-neg_A_Z,4,24.769000000000002,37.967,0.0,1.9517283,3NTQ
1078,2ZNV-model-70-neg_A_Z,4,17.153,43.685,0.0,1.9553826,2ZNV
1079,3AOG-model-4-pos_A_Z,2,1.185,4.3839999999999995,0.56,-1.7648404,3AOG
1080,1ICF-model-36-neg_A_Z,4,17.279,52.181000000000004,0.0,1.9480394,1ICF
1081,2EWN-model-98-neg_A_Z,4,23.36,65.11399999999999,0.0,1.0811474,2EWN
1082,1UUG-model-1-pos_A_Z,1,0.125,0.382,1.0,-1.2199464,1UUG
1083,2Z7F-model-1-pos_A_Z,1,0.5579999999999999,0.475,0.965517,-1.2825696,2Z7F
1084,4PQT-model-57-neg_A_Z,4,7.57,19.342,0.032257999999999995,1.9575026,4PQT
1085,2CH8-model-1-pos_A_Z,1,0.14300000000000002,0.382,0.898148,-1.3388146,2CH8
1086,1T7P-model-31-neg_A_Z,4,28.685,81.893,0.0,1.9440423,1T7P
1087,1P9U-model-60-neg_A_Z,4,9.92,37.66,0.0,0.85482574,1P9U
1088,5G1X-model-1-pos_A_Z,1,0.14300000000000002,0.337,0.95,-1.3454785,5G1X
1089,1E5Q-model-1-pos_A_Z,1,0.187,0.701,0.96875,-1.6482894,1E5Q
1090,2SIC-model-1-pos_A_Z,1,0.21,0.48700000000000004,0.985915,-1.8177232,2SIC
1091,2IWO-model-61-neg_A_Z,4,15.171,38.125,0.0,1.5256574,2IWO
1092,1WZ3-model-1-pos_A_Z,1,0.16699999999999998,0.35700000000000004,0.97541,-1.8492315,1WZ3
1093,4HDO-model-49-neg_A_Z,4,23.569000000000003,59.556000000000004,0.0,1.7920208,4HDO
1094,3BFW-model-47-neg_A_Z,4,9.096,26.589000000000002,0.022222,1.8626453,3BFW
1095,1FY8-model-1-pos_A_Z,1,0.25,1.074,0.9682540000000001,-1.7660774,1FY8
1096,2D1P-model-42-neg_A_Z,4,14.024000000000001,22.456,0.0,1.6476623,2D1P
1097,2IDO-model-85-neg_A_Z,4,20.906999999999996,50.113,0.0,1.9491664,2IDO
1098,3GZE-model-61-pos_A_Z,3,3.112,12.675,0.17647100000000002,0.7339343,3GZE
1099,1LK6-model-2-pos_A_Z,1,0.932,4.146,0.532258,-1.8315758,1LK6
1100,2AXW-model-2-neg_A_Z,4,8.946,24.825,0.070588,1.9585124,2AXW
1101,2C9P-model-25-pos_A_Z,2,1.133,5.744,0.738095,0.7200459,2C9P
1102,2VPM-model-9-neg_A_Z,4,24.59,46.998999999999995,0.0,1.9186431,2VPM
1103,4XXB-model-5-neg_A_Z,4,4.611000000000001,9.126,0.014925,0.60997975,4XXB
1104,1ZCP-pos_A_B,1,0.0,0.0,1.0,0.7542827,1ZCP
1105,2P42-model-1-pos_A_Z,1,0.17,0.409,0.956522,-1.3566916,2P42
1106,3GZR-model-59-neg_A_Z,4,11.597999999999999,18.362000000000002,0.0,0.67481244,3GZR
1107,1SUW-model-70-neg_A_Z,4,13.493,52.161,0.0,1.1231349,1SUW
1108,2GHV-model-2-pos_A_Z,2,1.056,4.757,0.608108,-1.4171606,2GHV
1109,4ZQK-model-6-pos_A_Z,2,1.489,5.812,0.5,0.39937806,4ZQK
1110,1Y3C-model-1-pos_A_Z,1,0.19399999999999998,0.541,0.985915,-1.83016,1Y3C
1111,3BRC-model-64-neg_A_Z,4,14.718,41.879,0.013699000000000001,1.6194125,3BRC
1112,2ZA4-model-8-pos_A_Z,3,3.722,8.612,0.304348,1.3991086,2ZA4
1113,3E05-model-13-neg_A_Z,4,23.848000000000003,48.23,0.0,1.9305291,3E05
1114,3H8D-model-5-neg_A_Z,4,7.224,17.55,0.016949000000000002,1.1074471,3H8D
1115,3JVZ-model-1-pos_A_Z,1,0.36700000000000005,0.951,0.945205,-1.8924422,3JVZ
1116,1PPE-model-51-neg_A_Z,4,16.625,44.743,0.0,1.2886908,1PPE
1117,3C8I-model-1-pos_A_Z,1,0.248,1.006,0.947368,0.643172,3C8I
1118,4YN0-model-3-neg_A_Z,4,15.505999999999998,45.495,0.0,1.9440274,4YN0
1119,2D1P-model-2-pos_A_Z,2,1.325,4.958,0.493151,-1.3013395,2D1P
1120,1UE7-model-2-pos_A_Z,1,0.268,1.0659999999999998,0.9122809999999999,0.9981005,1UE7
1121,2WO3-model-2-pos_A_Z,2,1.511,5.432,0.7460319999999999,-1.0814885,2WO3
1122,3GZE-model-28-neg_A_Z,4,7.221,29.732,0.0,0.65465295,3GZE
1123,3U1O-model-2-neg_A_Z,4,24.404,79.622,0.0,1.9530506,3U1O
1124,3E9M-model-1-pos_A_Z,1,0.309,1.501,0.87156,-1.6534394,3E9M
1125,3BRC-model-29-pos_A_Z,3,3.198,6.516,0.23972600000000002,1.3772827,3BRC
1126,2H1T-model-1-pos_A_Z,1,0.08,0.2,0.975728,-1.8140626,2H1T
1127,1MBY-model-17-neg_A_Z,4,17.6,30.783,0.0,0.5799316,1MBY
1128,3AHS-model-13-neg_A_Z,4,10.354000000000001,22.206999999999997,0.0,1.2829049,3AHS
1129,1K88-model-83-neg_A_Z,4,16.883,25.04,0.0,1.7323859,1K88
1130,3ENT-model-1-pos_A_Z,1,0.158,0.455,0.9763780000000001,-1.8737774,3ENT
1131,3Q9N-model-70-pos_A_Z,3,3.9560000000000004,8.484,0.11111099999999999,1.390055,3Q9N
1132,2NN3-model-1-pos_A_Z,1,0.244,0.5,0.8811190000000001,-1.6816679,2NN3
1133,3FG8-model-2-pos_A_Z,1,0.281,0.61,0.9285709999999999,-1.2142761,3FG8
1134,2OYA-model-8-pos_A_Z,3,2.219,4.843999999999999,0.339623,-0.1137439,2OYA
1135,4QZV-model-34-neg_A_Z,4,30.454,102.169,0.0,1.8335434,4QZV
1136,1VS3-model-6-pos_A_Z,3,1.706,5.3389999999999995,0.426829,-1.6410712,1VS3
1137,3GQH-model-1-pos_A_Z,1,0.519,0.376,0.945205,-1.8002417,3GQH
1138,2QLC-model-25-pos_A_Z,2,1.834,7.441,0.833333,0.6002995,2QLC
1139,3N6Q-model-74-neg_A_Z,4,13.877,45.236999999999995,0.0,1.953916,3N6Q
1140,4GH7-model-6-neg_A_Z,4,16.963,39.635999999999996,0.0,1.6568422,4GH7
1141,3E2L-model-5-pos_A_Z,3,2.7430000000000003,7.629,0.412371,-1.0768578,3E2L
1142,3F74-model-18-pos_A_Z,2,1.258,6.611000000000001,0.710526,0.12341559,3F74
1143,3TQY-pos_A_B,1,0.0,0.0,1.0,-1.8904778,3TQY
1144,2PTC-model-93-neg_A_Z,4,7.102,15.917,0.0,1.8069898,2PTC
1145,3KY8-model-67-pos_A_Z,3,2.283,9.221,0.319588,-1.4060748,3KY8
1146,3KW5-model-8-neg_A_Z,4,11.377,28.678,0.0,1.9255528,3KW5
1147,2WG4-model-23-neg_A_Z,4,22.394000000000002,68.835,0.0,1.9574729,2WG4
1148,2J12-model-1-pos_A_Z,1,0.198,0.40399999999999997,0.90625,-1.6611719,2J12
1149,1IGU-model-1-pos_A_Z,1,0.10400000000000001,0.247,0.9861110000000001,-1.5715693,1IGU
1150,3EYD-model-10-neg_A_Z,4,11.387,30.35,0.119403,0.14011955,3EYD
1151,3S5B-model-18-pos_A_Z,2,2.131,5.789,0.5,-0.15385067,3S5B
1152,3EHU-model-84-neg_A_Z,4,12.425,35.24,0.0,1.2926233,3EHU
1153,1KXP-model-1-pos_A_Z,1,0.083,0.33299999999999996,0.981132,-1.7261298,1KXP
1154,1I07-model-76-neg_A_Z,4,22.035999999999998,38.516,0.006494,1.586685,1I07
1155,2R2C-model-1-pos_A_Z,1,0.213,0.627,0.9122809999999999,-1.7770727,2R2C
1156,1JFM-model-20-neg_A_Z,4,15.975999999999999,54.853,0.0,1.9386284,1JFM
1157,4YN0-model-7-pos_A_Z,1,0.317,1.12,0.893617,0.036437273,4YN0
1158,1U20-model-36-neg_A_Z,4,16.584,25.828000000000003,0.0,1.9623859,1U20
1159,3Q87-model-52-pos_A_Z,3,2.639,6.818,0.37837800000000005,0.5498849,3Q87
1160,1EPT-model-1-pos_A_Z,1,0.10300000000000001,0.209,0.9626870000000001,-1.9181814,1EPT
1161,1UP6-model-3-pos_A_Z,1,0.184,0.6579999999999999,0.947368,-0.12172532,1UP6
1162,1XPJ-model-9-neg_A_Z,4,14.427,33.027,0.0,1.6327752,1XPJ
1163,1TO1-model-79-neg_A_Z,4,10.841,28.188000000000002,0.0,1.8642633,1TO1
1164,4ZQU-model-45-neg_A_Z,4,12.45,24.627,0.0,1.8163493,4ZQU
1165,1TM5-model-2-neg_A_Z,4,14.302,40.304,0.0,1.9473838,1TM5
1166,3KY8-model-90-neg_A_Z,4,17.142,25.592,0.0,1.9393486,3KY8
1167,2BMA-model-14-neg_A_Z,4,10.006,48.111000000000004,0.008475,1.7674088,2BMA
1168,4APF-model-15-pos_A_Z,2,1.431,5.647,0.6811590000000001,-0.0011900663,4APF
1169,3MAL-model-3-pos_A_Z,2,1.179,4.915,0.610169,0.58930016,3MAL
1170,3ML6-model-2-neg_A_Z,4,15.447000000000001,32.846,0.0,1.2459159,3ML6
1171,1UAN-model-45-neg_A_Z,4,16.652,48.92100000000001,0.0,1.78827,1UAN
1172,2CCL-model-29-pos_A_Z,3,2.932,7.391,0.23809499999999997,1.9525626,2CCL
1173,3C7T-model-66-neg_A_Z,4,18.656,67.998,0.0,1.8919314,3C7T
1174,2IWO-model-2-pos_A_Z,1,0.147,0.498,0.966102,-1.2406381,2IWO
1175,1KXP-model-4-neg_A_Z,4,22.928,58.32,0.0,1.9384168,1KXP
1176,3NGB-pos_E_G,1,0.0,0.0,1.0,0.99888813,3NGB
1177,1OMO-model-3-pos_A_Z,3,1.821,5.364,0.321429,-1.7803161,1OMO
1178,3E2K-model-99-neg_A_Z,4,20.949,63.464,0.0,1.5801936,3E2K
1179,4JW3-model-1-pos_A_Z,1,0.20600000000000002,0.43200000000000005,0.818182,-1.7127645,4JW3
1180,1XSQ-model-2-pos_A_Z,2,1.527,4.431,0.53271,-1.750303,1XSQ
1181,2H3N-model-7-pos_A_Z,2,1.37,3.832,0.695652,-1.8923603,2H3N
1182,2GHV-model-59-neg_A_Z,4,17.686,45.766000000000005,0.0,1.8268521,2GHV
1183,2DP4-model-3-pos_A_Z,3,1.857,6.7170000000000005,0.175,1.8481187,2DP4
1184,1JZO-model-50-pos_A_Z,3,2.371,10.525,0.414286,0.0967139,1JZO
1185,3AFF-model-5-pos_A_Z,2,1.527,5.836,0.666667,-1.6688358,3AFF
1186,2QF3-model-18-neg_A_Z,4,15.607000000000001,47.68899999999999,0.0,1.3192902,2QF3
1187,2IJ0-model-79-neg_A_Z,4,17.672,44.766000000000005,0.0,1.9329951,2IJ0
1188,2W1T-model-3-neg_A_Z,4,18.465999999999998,74.84899999999999,0.0,-1.0325886,2W1T
1189,3QNA-model-91-neg_A_Z,4,16.206,38.335,0.0,1.5988578,3QNA
1190,3KDG-model-58-neg_A_Z,4,27.59,72.181,0.0,1.9522561,3KDG
1191,2Q7N-model-22-neg_A_Z,4,25.926,66.53699999999999,0.0,1.9196608,2Q7N
1192,3HT2-model-1-pos_A_Z,1,0.20800000000000002,0.527,0.938053,-1.8911746,3HT2
1193,3HO5-model-30-neg_A_Z,4,26.598000000000003,69.712,0.0,1.9509734,3HO5
1194,2AQX-model-32-neg_A_Z,4,24.229,92.682,0.0,1.9379522,2AQX
1195,2QBW-model-92-neg_A_Z,4,6.459,23.771,0.0,1.9256793,2QBW
1196,3NPG-model-57-neg_A_Z,4,14.300999999999998,55.36,0.0,1.3874396,3NPG
1197,1GL0-model-15-pos_A_Z,3,2.278,5.279,0.293333,1.2573397,1GL0
1198,1XPJ-model-2-pos_A_Z,3,2.263,5.808,0.49079799999999996,-1.8229127,1XPJ
1199,1Y1K-model-1-pos_A_Z,1,0.185,0.418,0.984615,-1.8006058,1Y1K
1200,2IO1-model-20-pos_A_Z,3,2.7030000000000003,5.479,0.321839,1.0188122,2IO1
1201,2K2S-model-99-neg_A_Z,4,10.395999999999999,23.673000000000002,0.0,1.5732367,2K2S
1202,4AYE-model-12-neg_A_Z,4,12.894,32.7,0.0,1.8969933,4AYE
1203,1VG9-model-1-pos_A_Z,1,0.39799999999999996,1.453,0.967742,-1.5214016,1VG9
1204,2GHW-model-75-neg_A_Z,4,14.509,49.776,0.0,1.7268529,2GHW
1205,2X53-model-44-neg_A_Z,4,26.683000000000003,84.18299999999999,0.0,0.0072005987,2X53
1206,3VPJ-model-23-pos_A_Z,3,3.427,10.796,0.223529,0.9846786,3VPJ
1207,3FPU-model-6-neg_A_Z,4,7.772,18.32,0.0,1.9193668,3FPU
1208,3O34-model-83-neg_A_Z,4,18.201,57.902,0.0,1.1377304,3O34
1209,2GQS-model-24-neg_A_Z,4,14.279000000000002,39.946,0.024096,1.2562318,2GQS
1210,1I4O-model-81-neg_A_Z,4,14.665999999999999,36.915,0.0,1.7949641,1I4O
1211,3M85-model-34-pos_A_Z,1,0.42700000000000005,2.194,0.975,-0.347342,3M85
1212,1YCS-model-85-neg_A_Z,4,18.805999999999997,50.24100000000001,0.0,1.9477233,1YCS
1213,3WA5-model-65-neg_A_Z,4,22.621,67.499,0.0,1.0149527,3WA5
1214,3OJ2-model-5-neg_A_Z,4,17.034000000000002,31.398000000000003,0.010309,1.6872922,3OJ2
1215,4NZL-model-1-pos_A_Z,1,0.281,0.7509999999999999,0.924242,-1.8188475,4NZL
1216,2DOH-model-68-neg_A_Z,4,11.267000000000001,25.103,0.125,1.9404968,2DOH
1217,3ECY-pos_A_B,1,0.0,0.0,1.0,-1.7934593,3ECY
1218,2AZN-model-53-neg_A_Z,4,16.059,40.053000000000004,0.0,1.9446001,2AZN
1219,3ZRZ-model-4-pos_A_Z,3,3.927,9.968,0.27710799999999997,0.61875343,3ZRZ
1220,3CG8-model-57-neg_A_Z,4,22.859,60.013999999999996,0.0,1.7251301,3CG8
1221,1O9Y-model-1-pos_A_Z,1,0.14800000000000002,0.287,0.9252870000000001,-1.8828484,1O9Y
1222,2G6V-model-1-pos_A_Z,1,0.154,0.627,0.956522,-1.4788983,2G6V
1223,3E1Z-model-8-pos_A_Z,3,1.8559999999999999,7.8629999999999995,0.441558,-1.533581,3E1Z
1224,1T0H-model-13-neg_A_Z,4,9.092,20.008,0.0,1.8828577,1T0H
1225,1Y48-model-77-neg_A_Z,4,15.17,48.217,0.0,1.9359145,1Y48
1226,1IYJ-model-22-neg_A_Z,4,19.275,48.906000000000006,0.0,1.8697476,1IYJ
1227,2BMA-model-6-pos_A_Z,2,1.3880000000000001,7.627000000000001,0.610169,-1.892798,2BMA
1228,1U20-model-8-pos_A_Z,3,3.365,7.006,0.219298,0.8284939,1U20
1229,3HTR-model-1-pos_A_Z,1,0.114,0.302,0.979592,-1.8633276,3HTR
1230,2Z7X-model-51-neg_A_Z,4,37.099000000000004,82.146,0.0,1.9382085,2Z7X
1231,1AK4-model-85-pos_A_Z,1,0.271,1.464,0.9534879999999999,0.28101242,1AK4
1232,3U4J-model-9-neg_A_Z,4,27.015,59.53,0.0,1.4833,3U4J
1233,4AG2-model-46-neg_A_Z,4,9.576,16.677,0.043477999999999996,1.9078103,4AG2
1234,4CPA-model-26-neg_A_Z,4,7.03,15.272,0.0,1.4720173,4CPA
1235,3HMK-model-1-pos_A_Z,1,0.23199999999999998,1.0290000000000001,0.902439,0.87458485,3HMK
1236,1Y34-model-67-neg_A_Z,4,16.105999999999998,43.852,0.0,1.8204279,1Y34
1237,2WO3-model-9-neg_A_Z,4,15.470999999999998,38.765,0.0,1.9096793,2WO3
1238,1VGO-model-57-neg_A_Z,4,14.917,82.63600000000001,0.0,1.7866932,1VGO
1239,2I5G-model-74-neg_A_Z,4,22.875,56.09,0.0,1.9552495,2I5G
1240,3S5B-model-22-neg_A_Z,4,23.54,71.072,0.0,1.9520433,3S5B
1241,3C0B-model-67-neg_A_Z,4,20.158,76.079,0.0,1.9585321,3C0B
1242,2F2F-model-68-pos_A_Z,3,3.083,6.684,0.32710300000000003,1.244869,2F2F
1243,1ML0-model-44-neg_A_Z,4,19.864,63.995,0.0,1.9353358,1ML0
1244,1OSM-model-1-pos_A_Z,1,1.016,0.282,0.9639639999999999,-1.8381569,1OSM
1245,2QLP-model-1-pos_A_Z,1,0.248,0.6629999999999999,0.942308,-1.5181956,2QLP
1246,1Q9U-model-1-pos_A_Z,1,0.171,0.36700000000000005,0.975,-1.8810807,1Q9U
1247,1JZO-model-60-neg_A_Z,4,13.753,40.535,0.0,1.9461398,1JZO
1248,2P47-model-86-neg_A_Z,4,14.210999999999999,46.81399999999999,0.0,1.9257423,2P47
1249,3S9C-model-84-neg_A_Z,4,7.662999999999999,30.041999999999998,0.0,0.5694593,3S9C
1250,3MZW-model-1-pos_A_Z,1,0.154,0.392,0.947368,-1.1823037,3MZW
1251,1S4C-model-19-pos_A_Z,3,2.517,7.221,0.28985500000000003,0.1687845,1S4C
1252,3ML6-model-1-pos_A_Z,1,0.223,0.8809999999999999,0.9534879999999999,-1.4559791,3ML6
1253,3C4O-model-11-neg_A_Z,4,17.805999999999997,54.063,0.0,1.5926765,3C4O
1254,3NEK-model-29-neg_A_Z,4,10.78,47.144,0.017241,0.54561734,3NEK
1255,1YC6-model-48-neg_A_Z,4,25.203000000000003,51.375,0.0,1.0078421,1YC6
1256,3DQQ-model-30-neg_A_Z,4,23.851999999999997,57.566,0.0,1.4840416,3DQQ
1257,1GCQ-model-58-pos_A_Z,3,3.387,9.2,0.387755,0.8560242,1GCQ
1258,3HT2-model-72-neg_A_Z,4,18.521,31.467,0.0,1.9472129,3HT2
1259,3FLP-model-21-neg_A_Z,4,15.043,36.845,0.0,1.61355,3FLP
1260,3A1P-model-5-pos_A_Z,3,4.361000000000001,7.268,0.158333,0.9196823,3A1P
1261,2CE8-model-2-pos_A_Z,1,0.82,5.636,0.887755,-1.7522805,2CE8
1262,2P4R-model-4-pos_A_Z,3,3.573,10.450999999999999,0.170732,0.06969762,2P4R
1263,5HPK-model-73-neg_A_Z,4,20.893,54.547,0.0,1.884851,5HPK
1264,1EPT-model-2-neg_A_Z,4,12.252,22.803,0.014925,1.1881883,1EPT
1265,3EPZ-model-28-neg_A_Z,4,29.465999999999998,76.836,0.0,1.8669894,3EPZ
1266,4YEB-model-56-neg_A_Z,4,16.968,28.27,0.0,1.280158,4YEB
1267,2OIN-model-97-pos_A_Z,3,3.5580000000000003,9.482000000000001,0.225352,0.23112679,2OIN
1268,3HCG-model-70-neg_A_Z,4,17.555,61.31100000000001,0.0,1.9418756,3HCG
1269,3HLN-model-86-neg_A_Z,4,23.016,63.159,0.0,1.934521,3HLN
1270,4POU-model-26-neg_A_Z,4,17.840999999999998,54.3,0.0,1.9288298,4POU
1271,2P5X-model-63-neg_A_Z,4,20.744,50.297,0.0,1.9576346,2P5X
1272,3E05-model-41-pos_A_Z,3,3.555,7.979,0.168067,1.3940768,3E05
1273,1XUA-model-1-pos_A_Z,1,0.152,0.414,1.0,-1.8798125,1XUA
1274,4DGE-model-28-neg_A_Z,4,16.279,60.281000000000006,0.0,1.7994983,4DGE
1275,2BE1-model-49-neg_A_Z,4,24.962,52.278999999999996,0.042553,1.795567,2BE1
1276,2DYM-model-1-pos_A_Z,1,0.069,0.17600000000000002,0.9878049999999999,-1.6797909,2DYM
1277,2R2C-model-28-neg_A_Z,4,14.577,43.886,0.0,1.8768113,2R2C
1278,2CO6-model-27-neg_A_Z,4,17.361,30.2,0.0,1.9208237,2CO6
1279,3E2K-model-19-pos_A_Z,2,1.921,5.8839999999999995,0.6304350000000001,-0.3266431,3E2K
1280,3BFW-model-64-pos_A_Z,3,3.5439999999999996,11.259,0.14444400000000002,1.2197688,3BFW
1281,1E8N-model-58-neg_A_Z,4,2.273,9.748,0.05,0.24917436,1E8N
1282,2XFG-model-3-pos_A_Z,2,1.168,6.857,0.635417,-1.3151016,2XFG
1283,3QJ7-model-63-neg_A_Z,4,23.816999999999997,63.159,0.0,1.8939099,3QJ7
1284,1VS3-model-23-neg_A_Z,4,19.062,46.828,0.0,1.9385678,1VS3
1285,3B6P-model-2-pos_A_Z,3,1.9040000000000001,5.904,0.366412,-1.7847807,3B6P
1286,3BCP-model-82-neg_A_Z,4,22.381999999999998,46.891999999999996,0.0,1.9316059,3BCP
1287,3WDG-model-17-neg_A_Z,4,15.339,26.451999999999998,0.0,0.84321254,3WDG
1288,3MJ9-model-2-neg_A_Z,4,14.825999999999999,50.931000000000004,0.0,1.8162011,3MJ9
1289,2DOI-model-1-pos_A_Z,1,0.5670000000000001,1.597,0.9285709999999999,-0.6409693,2DOI
1290,3QSK-model-1-pos_A_Z,1,0.221,0.511,0.913043,-0.5514513,3QSK
1291,4AYI-model-5-pos_A_Z,3,2.0780000000000003,6.416,0.367925,0.040630817,4AYI
1292,1X1X-model-59-neg_A_Z,4,15.181,40.455999999999996,0.0,1.732328,1X1X
1293,4M5F-model-35-neg_A_Z,4,12.129000000000001,26.621,0.0,1.8111709,4M5F
1294,1ATN-model-8-neg_A_Z,4,24.453000000000003,62.24100000000001,0.0,1.1565247,1ATN
1295,3GZ8-model-42-neg_A_Z,4,21.767,60.28,0.020833,1.3933076,3GZ8
1296,3K25-model-78-neg_A_Z,4,25.174,71.425,0.0,1.86785,3K25
1297,3FYF-model-92-pos_A_Z,3,3.4760000000000004,7.855,0.232877,1.9579833,3FYF
1298,1YBG-model-2-neg_A_Z,4,13.024000000000001,43.43899999999999,0.0,1.9425547,1YBG
1299,2EVV-model-1-pos_A_Z,1,0.16,0.292,0.893617,-1.8938918,2EVV
1300,4NSO-model-62-neg_A_Z,4,4.622,17.53,0.180556,1.7804714,4NSO
1301,3U4J-model-3-pos_A_Z,1,0.23800000000000002,0.785,0.922222,-1.7809436,3U4J
1302,3BRD-model-15-pos_A_Z,3,3.56,10.01,0.20895500000000003,0.8949006,3BRD
1303,3V4P-pos_B_H,1,0.0,0.0,1.0,-0.24044394,3V4P
1304,2GD4-model-20-neg_A_Z,4,20.157,72.952,0.0,1.9008154,2GD4
1305,2VJF-model-22-neg_A_Z,4,11.469000000000001,35.762,0.0,1.5313367,2VJF
1306,2HAX-model-1-pos_A_Z,1,0.094,0.19,0.993333,-1.8679485,2HAX
1307,1S1Q-model-86-neg_A_Z,4,9.166,28.884,0.047619,1.9472393,1S1Q
1308,4V0N-model-10-pos_A_Z,1,0.28800000000000003,0.895,0.914286,0.08637881,4V0N
1309,2YVS-model-1-pos_A_Z,1,0.18899999999999997,0.508,0.9425290000000001,-1.8225356,2YVS
1310,1T0P-model-22-neg_A_Z,4,16.805999999999997,50.544,0.0,1.9506251,1T0P
1311,3U02-model-2-pos_A_Z,1,0.059000000000000004,0.147,0.988764,-1.2838786,3U02
1312,1BRS-model-1-pos_A_Z,1,0.171,0.426,0.909091,-1.8556505,1BRS
1313,4DGE-model-1-pos_A_Z,1,0.183,0.359,0.913043,0.035280943,4DGE
1314,2W0C-model-2-pos_A_Z,1,0.131,0.397,0.933333,-1.8267536,2W0C
1315,3L2H-model-1-pos_A_Z,1,0.158,0.331,0.912698,-1.8731279,3L2H
1316,3ME4-model-1-pos_A_Z,1,0.207,0.49700000000000005,0.986301,-0.4599887,3ME4
1317,5B77-model-10-neg_A_Z,4,7.646,19.945,0.06451599999999999,0.88320166,5B77
1318,3GRW-model-42-pos_A_Z,2,2.8760000000000003,5.099,0.527778,-1.6483159,3GRW
1319,3OLM-model-22-neg_A_Z,4,15.533,45.577,0.0,1.9132924,3OLM
1320,4A94-model-19-pos_A_Z,2,2.548,6.504,0.5,0.7556449,4A94
1321,1YVB-model-75-neg_A_Z,4,15.219000000000001,45.088,0.0,0.9297382,1YVB
1322,4BD9-model-1-pos_A_Z,1,0.09,0.223,0.9875,-1.7671368,4BD9
1323,4XL5-model-67-neg_A_Z,4,16.084,37.573,0.0,1.9017779,4XL5
1324,2I7R-model-88-neg_A_Z,4,11.335999999999999,40.846,0.0,1.808665,2I7R
1325,1KAC-model-8-neg_A_Z,4,17.684,50.495,0.0,1.825925,1KAC
1326,4EQA-model-1-pos_A_Z,1,0.08,0.18899999999999997,0.9629629999999999,-1.8792931,4EQA
1327,2GT2-model-62-neg_A_Z,4,7.439,13.838,0.018868,1.559992,2GT2
1328,3FJS-model-88-neg_A_Z,4,16.465,41.974,0.0,1.4418683,3FJS
1329,1CQ3-model-32-neg_A_Z,4,24.269000000000002,62.169,0.0,1.931865,1CQ3
1330,1FGL-model-65-neg_A_Z,4,8.919,27.201,0.0,1.8602935,1FGL
1331,2Z8M-model-12-pos_A_Z,3,2.188,5.471,0.4625,-1.5634332,2Z8M
1332,3B01-model-95-pos_A_Z,2,1.902,10.923,0.621622,-0.027425528,3B01
1333,3TII-model-7-neg_A_Z,4,21.000999999999998,58.288000000000004,0.0,1.638501,3TII
1334,3P71-model-1-pos_A_Z,1,0.14400000000000002,0.381,0.916667,-1.8102663,3P71
1335,2JJT-model-50-neg_A_Z,4,16.974,46.43600000000001,0.0,1.1960772,2JJT
1336,1Z3G-model-26-neg_A_Z,4,18.579,64.134,0.0,1.0391247,1Z3G
1337,2SNI-model-2-pos_A_Z,2,1.4469999999999998,5.761,0.647887,-1.2894005,2SNI
1338,3I5V-model-53-neg_A_Z,4,18.404,66.482,0.0,1.9299635,3I5V
1339,3OZB-model-1-pos_A_Z,1,0.251,0.682,0.936709,-1.1243153,3OZB
1340,1C9T-model-59-neg_A_Z,4,17.465,49.748000000000005,0.0,1.1130421,1C9T
1341,2XB6-model-50-neg_A_Z,4,23.093000000000004,75.985,0.0,1.9643586,2XB6
1342,2DYM-model-28-neg_A_Z,4,15.527999999999999,40.915,0.0,-0.031605244,2DYM
1343,2WVT-model-1-pos_A_Z,1,0.273,1.064,0.9714290000000001,-1.1454537,2WVT
1344,1YLQ-model-46-pos_A_Z,3,3.373,11.526,0.295082,0.785926,1YLQ
1345,3GQH-model-11-neg_A_Z,4,18.509,45.248999999999995,0.0,1.0032682,3GQH
1346,1XUA-model-78-neg_A_Z,4,23.62,55.641000000000005,0.0,1.9560912,1XUA
1347,2DUP-model-45-neg_A_Z,4,14.208,49.393,0.0,1.9525113,2DUP
1348,2YCH-model-63-neg_A_Z,4,5.952999999999999,23.72,0.0,1.1037997,2YCH
1349,3HF5-model-1-pos_A_Z,1,0.23600000000000002,0.17800000000000002,0.967949,-1.9219729,3HF5
1350,3V5N-model-100-neg_A_Z,4,18.721,34.64,0.008695999999999999,1.1708834,3V5N
1351,1R7A-model-6-neg_A_Z,4,35.789,88.685,0.0,1.8221756,1R7A
1352,3U1O-model-1-pos_A_Z,2,1.473,7.228,0.8709680000000001,1.464293,3U1O
1353,1ERN-model-16-neg_A_Z,4,16.169,45.201,0.0,1.2639806,1ERN
1354,3DSN-model-66-neg_A_Z,4,17.429000000000002,49.832,0.0,1.9405491,3DSN
1355,4V0N-model-92-neg_A_Z,4,17.227,58.722,0.0,1.8983674,4V0N
